Date,mean_FEEL,mean_inquirerbasic_fr,mean_lexicoder,mean_Loughran-McDonald,mean_OIL_ECON_FR,Returns
2022-01-01,0.0,0.0,0.0,0.0,0.0,0.0
2022-01-02,0.205574912891986,-0.024390243902439,-0.048780487804878,-0.0069686411149825,-0.0348432055749128,0.0
2022-01-03,0.1915204678362573,0.022027290448343048,0.0034113060428850005,-0.007992202729044799,-0.02670565302144245,0.0
2022-01-04,0.187007874015748,-0.0009842519685039,-0.0078740157480315,-0.01870078740157475,-0.032480314960629905,0.00598744193683487
2022-01-05,0.175085087534638,-0.024072913239798637,-0.0208902140155421,-0.013394543943172334,-0.031634297501291174,0.0034853009459352435
2022-01-06,0.26263218920693454,0.0196834443932218,0.00604193733148925,-0.00155763239875385,-0.00467289719626165,-0.007525051242075698
2022-01-07,0.21749568150596424,0.008011316494607,-0.00257069408740355,-0.01046979774486195,-0.0248330408998789,-0.00181173211190222
2022-01-08,0.0,0.0,0.0,0.0,0.0,0.0
2022-01-09,0.0,0.0,0.0,0.0,0.0,0.0
2022-01-10,0.21843148065549933,0.00243664717348925,-0.01443919945815575,0.0012554927809164998,-0.0164520145703241,-0.0062840130691137475
2022-01-11,0.0,0.0,0.0,0.0,0.0,0.004106930752959315
2022-01-12,0.1646437568652755,0.007220878918471175,-0.012736123946692952,-0.0037774621949005,-0.02419379406781903,0.0032411367943381286
2022-01-13,0.2138595467723081,0.02374969516281697,0.003389622171165068,-0.0039405434142276005,-0.005117131288724634,-0.002168708347913384
2022-01-14,0.13099334469127927,0.0049746963987478505,-0.00462220842110565,-0.0051194682467079495,-0.01757614159945615,-0.003520612418858704
2022-01-15,0.22939347697353435,0.02419373206395475,-0.0032446210844379497,-0.00571296254118645,-0.0157941587330509,0.0
2022-01-16,0.1406491499227202,0.0061823802163833,-0.0061823802163833,-0.0185471406491499,-0.0510046367851622,0.0
2022-01-17,0.18688907777305563,-0.005553194503470699,-0.0104405723190253,-0.0091797705057373,-0.022821929451763652,0.003550765936013889
2022-01-18,0.17882560414594958,0.0015313524278452832,-0.01077224475295202,-0.007084944783427346,-0.022057205370655163,-0.004108655474513334
2022-01-19,0.20300883721122048,0.012935910287415892,0.0026422528370627398,-0.004439865596871229,-0.014362831424325118,0.0023768581222980423
2022-01-20,0.21432844064238668,0.0061765352557305335,-0.0037579433101099006,-0.00427221277834195,-0.015316392673474283,0.0012804831217776425
2022-01-21,0.24513750192041783,0.0294412864239258,0.0175295744353971,-0.0017667844522968,-0.00674962871920925,-0.007647319441048683
2022-01-22,0.2476843567317902,0.021862180302542,0.0008152519601172335,-0.00517013398689175,-0.010062556341275815,0.0
2022-01-23,0.16595926203443584,-0.013802734211487219,-0.02777567785001548,-0.0058037242217121405,-0.022485604311898968,0.0
2022-01-24,0.20774705940596835,0.023322627372210192,0.009541053021127734,-0.0005537521019512502,-0.006555783920071391,-0.01760438220158944
2022-01-25,0.1758548012674804,-0.002676583328663775,-0.0033681322439361003,-0.008838618306641125,-0.0204847362846097,0.003198153312043761
2022-01-26,0.20330848540203722,0.007309096730437564,-0.0009624683117502622,-3.3035981250162665e-05,-0.01835941756333744,0.009050800464940334
2022-01-27,0.18844891478587059,0.019911896986666757,0.0007557848622809614,-0.001525212331033184,-0.02354722103451531,0.0025947706843156837
2022-01-28,0.1958425346583241,0.01598730217151265,-0.00080128205128205,-0.0031974604343025,-0.0127898417372101,-0.003596143271904051
2022-01-29,0.0,0.0,0.0,0.0,0.0,0.0
2022-01-30,0.2381348875936719,0.0066611157368859,-0.0016652789342214,-0.0116569525395503,-0.0241465445462114,0.0
2022-01-31,0.20978017896641035,0.014873725157906461,-0.0046469166311984885,-0.0064099162083724745,-0.021686197426097537,0.002072434245467214
2022-02-01,0.20166313112510684,0.011136755275193215,-0.004520509436143225,-0.005883202996897715,-0.024863719183158616,0.006178750489848284
2022-02-02,0.18161605395074987,0.00726478460603673,0.0007070708585765091,-0.011468630673782431,-0.017105570960346605,0.0009642198219341758
2022-02-03,0.22548459238713042,0.02047847837688333,0.0016958854797114419,-0.003062182446936525,-0.014164497717063521,-0.006744196717330286
2022-02-04,0.1961520623941973,0.011404178892358887,-0.008891027664430187,-0.0030695556998041,-0.018512608463944112,-0.0033761664843701134
2022-02-05,0.20417249417249414,0.0014219114219113996,0.008403263403263351,-0.01048285048285045,-0.034440559440559404,0.0
2022-02-06,0.21725716166678055,0.0194007151773733,-0.0043889154702075,-0.007126141747579751,-0.0158774413342303,0.0
2022-02-07,0.20551768326470568,0.021545392526687274,0.0005854417352559741,-0.002507144196391025,-0.006005811616398151,0.0036005275755868205
2022-02-08,0.21917425416631775,0.02151407593672757,0.01147620423615196,-0.000958430244430887,-0.010431584046802316,0.0011855473202975197
2022-02-09,0.21077354084451327,0.012041302069164376,0.002022721745329637,-0.002278976123745964,-0.008858851496083803,0.0062860233533093
2022-02-10,0.21221310550917472,0.017741930664603476,-0.012162629565200325,-0.006605191342199625,-0.019017257759210263,-0.0017899837681274455
2022-02-11,0.18623710171730393,0.016094611574122383,-0.008576748612153467,-0.0026488271239897333,-0.016180005596835783,-0.0055359987855356785
2022-02-12,0.190547263681592,0.0114427860696517,-0.0104477611940298,-0.0069651741293532,-0.0144278606965174,0.0
2022-02-13,0.23627358185683983,0.0121127596205755,0.003749188146996833,-0.004615471740854,-0.009985660676664582,0.0
2022-02-14,0.18623632085506187,0.0023697001822123123,-0.003525245865159762,-0.009774082797489649,-0.01685525747722734,-0.009987095530613832
2022-02-15,0.1896941432798023,0.0028989584989345743,-0.001056128055297767,-0.005276345186253215,-0.025109222354067606,0.008023526503936118
2022-02-16,0.19063609324664052,0.006753250323820151,-0.0014297830203646685,-0.0054459920835426955,-0.013143988811787775,-0.0009336969669275774
2022-02-17,0.19268736590640284,0.011369560697499254,-0.003533552692006787,-0.0018470483509107547,-0.02153214587703024,-0.0011338374807268181
2022-02-18,0.20400487114121266,0.005813673903240953,0.007910614316270015,0.0010000525819582502,-0.004450359282224741,-0.001075995733347046
2022-02-19,0.21567767118766742,0.014026272188541411,0.014394398740682615,0.007796574232863413,-0.0041190229482592254,0.0
2022-02-20,0.19134063899324283,0.004109054447667188,-0.004624063066002363,-0.0011046734025588001,-0.0131528483319812,0.0
2022-02-21,0.1935802849033993,0.011053816913311098,0.011996601634553756,-0.0006078389673222677,-0.013251923473249737,-0.008946462987809767
2022-02-22,0.19282565243778965,-0.01364374650066185,-0.006562074238635206,-0.014556236623425695,-0.023444895295435406,-4.7328966907844716e-05
2022-02-23,0.21472686579144673,0.013957666611985045,0.013088031940507594,-0.005599904058626373,-0.010319124465259566,-0.0004436435083774448
2022-02-24,0.23804058068942335,0.02130818206574879,0.021179829450987064,-0.0014645208758470288,-0.0081415052401378,-0.01695508658084144
2022-02-25,0.20938249230546482,0.011282120956446822,0.008592899849802778,-0.0038556724486657552,-0.013024615503107255,0.01514258485239095
2022-02-26,0.174496644295302,0.0067114093959731,0.0067114093959731,0.0067114093959731,-0.0067114093959731,0.0
2022-02-27,0.0,0.0,0.0,0.0,0.0,0.0
2022-02-28,0.24809179284453395,0.021502626559686253,0.0055532468824033,0.0040650406504065,-0.0090855168053646,-0.006062169450125943
2022-03-01,0.21289689808278742,0.022948835606360414,0.0004225087630244113,-0.0034133172386793626,-0.017272078582595298,-0.017456191425270884
2022-03-02,0.1235697940503432,-0.005720823798627,-0.0194508009153318,-0.0080091533180778,-0.0377574370709382,0.006839303892276938
2022-03-03,0.16215002898137618,-0.006687295034463417,-0.0109952526237828,-0.0030873368907088166,-0.006863469860453018,-0.008071328648069809
2022-03-04,0.21105568558404894,0.009545295951786588,-0.002824844553603411,-0.0008600889912904443,-0.006714036497281878,-0.022118132190283024
2022-03-05,0.2703349282296651,0.0334928229665071,-0.0047846889952153,-0.0023923444976076,-0.0095693779904306,0.0
2022-03-06,0.0,0.0,0.0,0.0,0.0,0.0
2022-03-07,0.20711441442602216,0.0027116611449360013,0.0026133419921238886,0.0016402058985963669,-0.002635287818203911,-0.005725572444521543
2022-03-08,0.23939087228560912,0.005663415531836601,0.006799779168200251,-0.0026637835848362006,-0.0159458962090541,-0.0014041185288777847
2022-03-09,0.2227722772277227,0.0297029702970297,0.0148514851485148,0.0,0.0049504950495049,0.029891461764134597
2022-03-10,0.2661781699032284,0.02017127169235615,0.014205369365955074,0.0063123645745504255,-0.0008566162489717253,-0.012457602494547082
2022-03-11,0.1971252566735113,0.0061601642710472,0.0082135523613963,0.0,-0.0184804928131416,0.0036959243894956195
2022-03-12,0.0,0.0,0.0,0.0,0.0,0.0
2022-03-13,0.1914925373134328,-0.0033362598770851,-0.01658033362598765,-0.0134460052677787,-0.0271773485513608,0.0
2022-03-14,0.16081712396584164,-0.0037524129048742997,-0.022810953767145575,-0.006506577091720251,-0.011862877275755575,0.007543660714738998
2022-03-15,0.2559200627395296,0.011767758511748723,-0.0013410477729078503,-0.010286300242246587,-0.01851201789475984,-0.0010197827176545715
2022-03-16,0.27191614769685557,0.01908396946564885,0.023491082130915553,0.0005497625206161002,0.01018863163207365,0.015680232702562247
2022-03-17,0.1621541866946103,-0.014698934580811987,-0.01876130918189869,-0.01764452855930438,-0.04225773816143733,0.001571212318307591
2022-03-18,0.18161796323614096,0.0017628858727581319,-0.01172804056351191,-0.013419164404762169,-0.03021830691431917,0.0005067494090975622
2022-03-19,0.2888766730021392,0.035215551862072196,0.013221985415158951,0.00125549714903735,0.006815271934916951,0.0
2022-03-20,0.16791898777907324,0.00134408602150535,-0.0017921146953405,-0.00134408602150535,-0.0147849462365591,0.0
2022-03-21,0.2160043473503891,0.01958928499577502,0.006653973027643261,-0.0068472962406713,-0.012997185181560969,-0.0024940926530869767
2022-03-22,0.18780166472474158,0.023290154059384803,0.0062507139430216,-0.0023691485229946504,-0.0011346934423857504,0.005056107437515944
2022-03-23,0.24461005102122216,0.013010692061385234,0.0078183319526587,-2.1633874439999645e-06,-0.005654689694871567,-0.005115485983755441
2022-03-24,0.2263055864487836,0.019454960538006726,0.0015987194069951747,-0.0007338118813069003,-0.008581576610897675,-0.001696568243077845
2022-03-25,0.22862908368753568,0.013177019229839432,5.2675661127900404e-05,0.0013207132763386,-0.0021948345620484006,-0.00013846617689639018
2022-03-26,0.20145073690804421,0.013930080887228276,-0.000455718636083175,-0.011892929065938276,-0.019568017009654298,0.0
2022-03-27,0.21362159756436977,0.019619980146821175,-0.0031431961895765498,-0.006718762520988625,-0.01957306573437515,0.0
2022-03-28,0.1686250431404653,-0.0012721420946602002,-0.0297007054970985,-0.0142303339673978,-0.056503976948945746,0.002341505081763895
2022-03-29,0.2731092436974789,0.042016806722689,0.0210084033613445,0.0042016806722689,-0.0084033613445378,0.013181169037508322
2022-03-30,0.2403954175905395,0.01752818996721435,0.014452782989368333,-0.0004992703773191498,-0.0058170826463509505,-0.003245591157713168
2022-03-31,0.22298246136076197,0.015264490224568815,0.0012430216087881002,-0.0019329828350589334,-0.013482279872231615,-0.005296567164658317
2022-04-01,0.2973977695167286,0.0260223048327137,-0.0074349442379182,-0.0074349442379182,-0.0148698884758364,0.0015908274134082134
2022-04-02,0.2214187327823691,0.0151515151515151,0.0196280991735537,-0.0024104683195592,-0.0086088154269972,0.0
2022-04-03,0.0,0.0,0.0,0.0,0.0,0.0
2022-04-04,0.16981821518833073,-0.0015215337770377996,-0.009781968748356677,-0.0062908444613267,-0.01874565943028002,0.0030468835078187873
2022-04-05,0.21914212548015366,-0.011139564660691399,-0.0202304737516005,-0.00909090909090905,-0.0237516005121639,-0.005575169854973083
2022-04-06,0.21284368991853908,0.012683909751226408,0.00663409422127945,-0.0012671970955732581,-0.007230966501552108,-0.00969311875167822
2022-04-07,0.2006642964019941,0.015045466618239417,-0.0077210390968370166,-0.006475916235189358,-0.02049718723791207,-0.002489723214996964
2022-04-08,0.0,0.0,0.0,0.0,0.0,0.005777817602591995
2022-04-09,0.2280705441868245,0.012826663696520899,0.011363152036711649,-0.005406249743531401,-0.0140221412229321,0.0
2022-04-10,0.23666600652734254,0.01703548948963831,-0.00836673044511888,-0.007207135045808009,-0.022035637723702418,0.0
2022-04-11,0.22695336982242006,0.014588675339488563,-1.5375002748062338e-05,0.0002765731305309376,-0.010888046482880887,0.0005030860990671293
2022-04-12,0.2017173619134096,0.012779515492492389,-0.007401916628652204,-0.004560781788040567,-0.018457666907865104,-0.0012206289162812745
2022-04-13,0.19220591212105353,0.01070284052011375,-0.00712006422955235,-0.0030738753573678,-0.0174760560689421,0.0003141093831726671
2022-04-14,0.22805841406560148,0.02158123006808457,-0.0012244977140002504,-0.0022273584180147327,-0.01863237008877255,0.003122739844841238
2022-04-15,0.26758502118796235,0.008868149824032176,0.005036630036630024,-0.0010369532428355754,-0.00933222006751415,0.0
2022-04-16,0.0,0.0,0.0,0.0,0.0,0.0
2022-04-17,0.2301587301587301,0.0185185185185185,-0.0238095238095238,-0.0079365079365079,-0.037037037037037,0.0
2022-04-18,0.2256341789052069,0.0320427236315086,-0.0080106809078771,0.0040053404539385,-0.0160213618157543,0.0
2022-04-19,0.2175973188110869,0.002292100903212,-0.009377572016460887,-0.006306016514349812,-0.024332253785756187,-0.003610944231656088
2022-04-20,0.20555824779888313,0.008161614797043599,0.001971914201896625,-0.002775123651079125,-0.015518864017032251,0.005948354566841285
2022-04-21,0.22636710185396475,0.00998459621785744,0.0006333509928081394,-0.0014376686733081003,-0.019140102990139702,0.0058724978765631874
2022-04-22,0.1974527294200478,0.015282042050565832,-0.004265044216963967,-0.0028729852159169993,-0.0144906828821289,-0.008732889341671601
2022-04-23,0.17449125119369158,0.012390429243932133,-0.002998222387757934,-0.007096913093997001,-0.0218944427707006,0.0
2022-04-24,0.25301482528180574,0.024847654592771367,0.004214026246689199,0.00030329955855279135,-0.003779215714784243,0.0
2022-04-25,0.2455092283847202,0.02052155254793204,0.002332896325731117,0.0023529257153693784,-0.004959964012039366,-0.00880164286680829
2022-04-26,0.2502543421017634,0.00717809931643485,-0.004749381599595701,-0.0042722823629545,-0.0126722211878607,-0.0023504217263159433
2022-04-27,0.23906551550755115,0.0104617042712398,-0.0011173502551223631,-0.006690374670056207,-0.015672786132970788,0.002072888706782905
2022-04-28,0.22258633878771444,0.006244290264662975,-0.0012155442630960376,-0.00761032064340885,-0.023739240808737926,0.004216470248664894
2022-04-29,0.20614092447019364,-0.00046654090450132187,0.004158542833574116,-0.00408533144834845,-0.022668162912900247,0.0017069479783127228
2022-04-30,0.18124123600587996,0.009810439350884666,-0.0008839573653153665,-0.0017561424490383332,-0.009603985925029533,0.0
2022-05-01,0.0,0.0,0.0,0.0,0.0,0.0
2022-05-02,0.198356841542099,0.0114249826868816,-0.005772967032425151,-0.005005972792157782,-0.012517217276797435,-0.007249490406878056
2022-05-03,0.17501763251629684,0.018768333468915856,0.006780557585257805,-0.006218567640052383,-0.024617491354875225,0.0034045694887492317
2022-05-04,0.18633643756461082,0.01341707178794315,0.005828223371984336,-0.0038555282819271374,-0.01599886495041509,-0.005432184725637779
2022-05-05,0.23982216791300948,0.0287921266922654,0.0077625232660756376,0.0006251788373722125,0.010210919129816937,-0.001856411183633
2022-05-06,0.1907542043034442,-0.01615627524418,-0.0282073878240434,-0.00802673129176765,-0.030740985532789852,-0.007569795025869741
2022-05-07,0.0,0.0,0.0,0.0,0.0,0.0
2022-05-08,0.2689393939393939,-0.0113636363636363,0.0265151515151515,-0.0037878787878787,-0.0075757575757575,0.0
2022-05-09,0.19780613532608596,0.013433060732424975,0.0025311530423110995,-0.009869747053066301,-0.0237449996699244,-0.012127155329161532
2022-05-10,0.1875834263803718,0.0021044806676386502,-0.017857992034155425,-0.015853960290971976,-0.037461533550672124,0.002198725071971719
2022-05-11,0.19903968428530366,0.0034369693864987,-0.016023646692898026,-0.008577958057662274,-0.02818806789030865,0.0107167356555955
2022-05-12,0.21412388937881968,0.0031604499560531373,-0.005487933477520288,-0.010053041256925488,-0.023005848957939952,-0.004418888132545096
2022-05-13,0.20475741704983588,0.0019124330579821335,-0.006248550573473333,-0.006483270712286032,-0.012313616510182535,0.010810144473954786
2022-05-14,0.2114847078618144,0.0048780156856360005,-0.00270699340551985,-0.0037925045455778498,-0.01950527829791845,0.0
2022-05-15,0.0,0.0,0.0,0.0,0.0,0.0
2022-05-16,0.2223692226113895,0.009776739397409188,0.002688247584603212,-0.0041481188447412614,-0.014752957416129689,-0.0010189098490580584
2022-05-17,0.21905695098750874,0.02959819866933197,0.0046353559261523986,-0.0021934595052207164,-0.0046527842259445175,0.005602617853922354
2022-05-18,0.23915037944394896,0.023826040248488695,0.008434690827240087,0.0014712594768320954,-0.003546228682679545,-0.0052490520622336945
2022-05-19,0.22852439032788366,0.016995172129171492,0.0025647015454778738,-0.006639005709555186,-0.01317361471694292,-0.00551954265661303
2022-05-20,0.20449175903372982,0.010926322982681069,0.00041254357493991666,-0.0019598291593048915,-0.015963481208916983,0.0008666749178170008
2022-05-21,0.25283727820587015,0.028350572347700793,0.011570573757058292,0.00398072462127712,0.00903909952846366,0.0
2022-05-22,0.2639821029082774,0.029082774049217,0.0134228187919463,-0.0044742729306487,-0.0089485458612975,0.0
2022-05-23,0.21157959859491732,0.016257415228075726,0.012468018384178527,0.003385975900558375,-0.003056394479978975,0.005049201721946783
2022-05-24,0.2316447485548539,0.011775930216863737,0.012331803010382563,-0.0029371756201601123,-0.005830557253257163,-0.007272922017730998
2022-05-25,0.1999959515371439,-0.0008401637258813668,-0.003019466409391266,-0.008393912612244566,-0.029596316936211037,0.003148634703573183
2022-05-26,0.166469893742621,0.0106257378984651,0.0047225501770956,-0.0070838252656434,-0.011806375442739,0.007650533242443469
2022-05-27,0.23595342363998312,0.016944734567681728,0.005073792215366337,-0.00629924684948195,-0.0239689310139386,0.007067083136680807
2022-05-28,0.1773178288493215,-0.0010196878186524497,0.00034316416973880024,-0.0017060161581300497,-0.00955957329986665,0.0
2022-05-29,0.0,0.0,0.0,0.0,0.0,0.0
2022-05-30,0.21009128233454716,0.00970508373821545,-0.0002357339265499506,-0.0046313249711867205,-0.00855166184266139,0.0030976331182528405
2022-05-31,0.277712347113726,0.039923706687650745,0.0298085892511894,-0.00395537049679245,-0.0063004518190014,-0.006238334918900357
2022-06-01,0.1729729729729729,0.0054054054054054,0.0189189189189189,-0.0054054054054054,-0.0162162162162162,-0.0033637683501130944
2022-06-02,0.21176375040478068,-0.00141001255546348,-0.00988879212859596,-0.00621468599780124,-0.02450402870950192,0.005482807553974123
2022-06-03,0.180327868852459,0.0081967213114754,0.0327868852459016,0.0,0.0,-0.0010126924808306903
2022-06-04,0.1821320332776529,0.018116080027423,0.0064014320925854,-0.00439367311072055,-0.0065701056113871,0.0
2022-06-05,0.2264596300517226,0.00886297887262205,0.013176119926361002,-0.0037652318751643997,-0.02002060138511435,0.0
2022-06-06,0.15155699254184762,0.0023031644597626337,-0.008022054955509733,-0.009128819640438034,-0.023637045026115498,0.0042303290870773225
2022-06-07,0.19388803312848069,0.00564851894772095,-0.007572134225743075,-0.005660744181944351,-0.01752383323422555,-0.003223639059793282
2022-06-08,0.2950819672131147,0.0163934426229508,0.0245901639344262,-0.0081967213114754,0.0163934426229508,-0.0034692961851523485
2022-06-09,0.21277330700972197,0.018464781028612633,-0.0018405668056427744,-0.0080045122173406,-0.014613606196488257,-0.006115510567737736
2022-06-10,0.19051070251380003,-0.0018764147571581498,-0.0044378698224852,-0.0059171597633136,-0.021107183987927353,-0.011855681802991569
2022-06-11,0.1531322505800464,-0.0232018561484918,-0.0116009280742459,-0.0046403712296983,-0.0139211136890951,0.0
2022-06-12,0.21479261198160152,0.010610399173724274,-0.00562700964630225,-0.0069353439426286,-0.010223229755062343,0.0
2022-06-13,0.20000346574487277,0.015198100829196325,0.015434367891995001,0.00251075829240775,0.001227156519269,-0.011732443466906606
2022-06-14,0.2152845493656535,0.023290704693194768,0.023525636773046674,0.009308342406002187,-0.0023143493864862374,-0.005258539947852636
2022-06-15,0.21222401688006573,0.006096007126823666,-0.003994109536858117,-0.0015834233789130251,-0.014934642940909142,0.005821390834478635
2022-06-16,0.17610196254806149,0.00388158714872005,-0.011000070885407599,-0.0032747836161824,-0.01200529929530125,-0.010488683608917526
2022-06-17,0.23913287042100773,0.021127849129488774,0.01274741749362855,-0.0013832922462068999,-0.0015446406617252752,-0.0002649801988385825
2022-06-18,0.2400856364650298,0.008243545774425017,-0.006186326870267316,-0.0069156312994341,-0.016696967405744834,0.0
2022-06-19,0.2435821226866003,0.015318714245953002,0.00293102937692485,0.00691364501998825,0.0029585671376715994,0.0
2022-06-20,0.24023030141248425,0.0009383283857229,-0.010450164103361338,-0.0033936872768005125,-0.019642286172622,0.0027552949742335464
2022-06-21,0.22047858713446544,0.01348937814498577,-0.0015211032274754697,-0.00466910359659309,-0.011748010777459572,0.003257406559415088
2022-06-22,0.19631136781307426,0.009078833216110367,-0.0077013289944651,-0.0110400210893195,-0.023061851560144998,-0.0035113015653549517
2022-06-23,0.18623716617202524,-0.008498888843682651,-0.0143042819928899,-0.00469148780587035,-0.02121973184900585,-0.002451187969912727
2022-06-24,0.2427851909441998,0.00660142704627335,0.0045056464947789004,-0.00616903146206045,-0.04158603263671165,0.013805102027816929
2022-06-25,0.20344932795589032,0.0030320008558472667,-0.016458248090475566,-0.007552663721865099,-0.022131153268271298,0.0
2022-06-26,0.0,0.0,0.0,0.0,0.0,0.0
2022-06-27,0.24665064407595533,0.02113950650931345,0.00417638741709995,-0.0027619953529154,-0.008778643462551366,-0.0018660803123347058
2022-06-28,0.2574740188508762,0.0174849582820862,0.0021244254532158,-0.00407055630936225,-0.017779597658599,0.0027711402206636038
2022-06-29,0.23393372469483376,0.012741375965528925,0.008836827013589277,-0.010222567359788,-0.027248941688781298,-0.003909486010546637
2022-06-30,0.0,0.0,0.0,0.0,0.0,-0.007892433429835144
2022-07-01,0.18142428849035433,0.027524068255607936,0.012494331556552584,0.003797623845902417,-0.0052180933176618335,0.000600864602569029
2022-07-02,0.19074025660221902,0.01717138048609895,0.0076752564550912,0.005125480216685334,-0.0005320138090767514,0.0
2022-07-03,0.1633333333333333,0.04,0.0433333333333333,0.0133333333333333,0.0066666666666666,0.0
2022-07-04,0.116,0.02,-0.004,0.008,-0.008,0.0017239108357087751
2022-07-05,0.1699479485128302,0.013322095479613775,0.018397315264246976,0.007868836973324226,-0.000953506581927499,-0.011805792988868191
2022-07-06,0.0,0.0,0.0,0.0,0.0,0.008711890980836579
2022-07-07,0.2255376192458545,0.026085015735235115,0.014102876641148848,0.0011719935069927332,-0.007161152406145084,0.006873625456076837
2022-07-08,0.25943761937302257,0.026434645137021488,0.015561680902539312,0.0009379253948527,-0.007698846366468913,0.001906718951989017
2022-07-09,0.2078850892481519,0.0053488791393713,-0.0115992547629064,-0.0064306749203678,-0.0196526233547689,0.0
2022-07-10,0.1963887380060449,0.0039666522798149,-0.00555095834767455,-0.00740459427470495,-0.0244343747102607,0.0
2022-07-11,0.2222222222222222,0.0133333333333333,-0.0055555555555555,-0.0033333333333333,-0.0222222222222222,-0.002659336317154981
2022-07-12,0.0,0.0,0.0,0.0,0.0,0.003455501815651907
2022-07-13,0.22352303903250534,0.020643606666204958,0.011602110024483516,0.0004798458876043167,-0.004304283778988475,-0.0031702017829737805
2022-07-14,0.20763758288367282,0.01243316299991375,0.004094603277935225,-0.0005198631220893876,-0.012859954142294875,-0.006183776126146512
2022-07-15,0.24044758881816564,0.016322707974002548,0.0068172477395388835,0.0014722287473179167,-0.008611518153646185,0.008764368477398587
2022-07-16,0.22592895213541242,0.015583366763363032,0.006993251143261966,-0.004036326942482333,-0.013532138358319401,0.0
2022-07-17,0.16878237178527586,0.0013622346636328504,-0.0160174845064519,-0.0118110236220472,-0.046974641477800005,0.0
2022-07-18,0.2393936198828328,0.020585533879500868,0.01666936053035273,0.00048688005364173344,-0.011725962729363834,0.004004258596375543
2022-07-19,0.23902661175352446,0.0323419927134484,0.0130326310787264,0.0011682242990654,-0.00508474576271185,0.007723664395157037
2022-07-20,0.3140495867768595,0.0909090909090909,0.024793388429752,0.0082644628099173,0.0165289256198347,-0.0011613137401149665
2022-07-21,0.0,0.0,0.0,0.0,0.0,0.001153585310962324
2022-07-22,0.0,0.0,0.0,0.0,0.0,0.0010988551530077828
2022-07-23,0.2182525215700571,0.0279836891211298,0.01423151186184355,-0.00569800569800565,-0.0085470085470085,0.0
2022-07-24,0.2358803986710963,0.0199335548172757,0.0132890365448504,-0.0066445182724252,-0.0232558139534883,0.0
2022-07-25,0.19031016198155004,0.0068397649072608506,-0.00556071386838725,-0.0078953767831708,-0.0199942521657018,0.0014457455400118668
2022-07-26,0.212978831342271,0.006839236967344962,0.0016448478116168246,-0.005724786874946287,-0.01596977715763174,-0.0018210190714214036
2022-07-27,0.20880564570684337,0.011453736059419255,0.00022442904052869593,-0.005436804164053712,-0.021533304545508336,0.0032383835109066617
2022-07-28,0.18862540838295094,0.01333695976301495,0.0008077544426494,-0.0046581052341832,-0.01893307598790165,0.005603745481131295
2022-07-29,0.23495995983910986,0.01794984687436341,0.0019303813015237716,-0.003228340114217671,-0.013850197124086378,0.007423567893119376
2022-07-30,0.0,0.0,0.0,0.0,0.0,0.0
2022-07-31,0.17114464269119972,-0.0035545023696682,-0.0120383461441448,-0.0057632057562361,-0.016642438966107752,0.0
2022-08-01,0.24403221035654288,0.0021624025631876162,0.00745416202513665,-0.0019594355451585665,-0.015348722832582616,-0.0007846499743240365
2022-08-02,0.211282379649327,0.010691910671420312,-0.0019987358906810955,-0.003990979789877794,-0.01893212031540076,-0.0018295886329831035
2022-08-03,0.20578520222547367,0.002455476150554111,-0.007590629440343017,-0.011348705874710867,-0.03846644908625735,0.0041980731950874706
2022-08-04,0.24814176366396762,0.03247564524291495,0.00836206351214575,-0.00799041624493925,-0.007156186740890649,0.0027645534274056693
2022-08-05,0.1901279707495429,-0.0219378427787934,-0.016453382084095,-0.0109689213893967,-0.053016453382084,-0.0027450913838316104
2022-08-06,0.18955779354792102,0.013915793060178034,-0.0066143189960549,-0.0025908708960950665,-0.017571532174576167,0.0
2022-08-07,0.2397251589346395,0.018109270355194877,0.01402323470884229,-0.0032832924701280625,-0.010811685945427113,0.0
2022-08-08,0.191860465116279,-0.0174418604651162,-0.0290697674418604,-0.0232558139534883,-0.0697674418604651,0.003481236896327289
2022-08-09,0.20072219904510263,0.0105057247485282,-0.00277847309136415,-0.010026421916284224,-0.021519491957539452,-0.0022985409000004786
2022-08-10,0.216990658924514,-0.0034563181495774003,0.005037208016253699,-0.00280112044817925,-0.014095767062189651,0.0022319715436482923
2022-08-11,0.1963882618510158,-0.0158013544018058,-0.0293453724604966,-0.0158013544018058,-0.0338600451467268,0.0014110796139772397
2022-08-12,0.0,0.0,0.0,0.0,0.0,0.000609402946086135
2022-08-13,0.2039018250471995,0.0195091252359974,-0.0069225928256765,-0.0113278791692888,-0.02706104468219,0.0
2022-08-14,0.2704596453130655,0.012450235251538199,0.00430691277596815,0.0044444444444444,-0.02398841838581245,0.0
2022-08-15,0.1900191472307307,0.021807650975106264,0.016160403038640237,0.002722256124837838,-0.007796536097630736,0.0010649264001965086
2022-08-16,0.15758129021039816,0.0008983944821190984,0.0167507100214455,0.00543383759346195,-0.0030864197530864,0.0014933364319271725
2022-08-17,0.1668723571893592,-0.0013242087267521202,-0.004600129452049779,-0.00926696642177445,-0.02995513627071389,-0.00425399127532522
2022-08-18,0.17190486032754848,0.00038790883808094163,-0.0006409785167171499,-0.004400183730767641,-0.017714163676670492,0.0019302473938345166
2022-08-19,0.1574278130536159,0.00728566123425515,-0.00361010830324905,-0.00138346899142215,-0.0155864751827883,-0.00409701402063245
2022-08-20,0.1814865481076151,-0.0109439124487004,-0.0113999088007295,-0.0063839489284085,-0.0351117191062471,0.0
2022-08-21,0.1864651445165971,0.0004925849647912001,-0.004891419929582449,-0.005499224290780133,-0.02910426091190783,0.0
2022-08-22,0.18124452046169792,-0.001846415690598376,-0.0032684324263333514,-0.016547561931225023,-0.022769864128312625,-0.007899739408260498
2022-08-23,0.18639275913649392,-0.0022853562333274503,-0.010500014008837651,-0.006079770052909587,-0.025411356980465226,-0.0011398850147643635
2022-08-24,0.21170940658079945,0.01617590981526295,-0.0002814209305783983,-0.0066359301469439995,-0.017172185102152078,0.0016855493370742103
2022-08-25,0.24045402790828924,0.008455265744906975,0.008450115757596376,-0.002636600980138325,-0.007519641933949725,-0.00035371986500898345
2022-08-26,0.21643411645018343,0.01618091864580495,0.006267806022631567,-0.00079479289485045,-0.013652413682008068,-0.0073643655515232
2022-08-27,0.2086173817202106,0.0017931414990238342,-0.0009973686444274665,-0.0010822510822510666,-0.024748009312445734,0.0
2022-08-28,0.25748638934519563,0.02658161258611662,0.016640837701267768,-0.006109221455893291,-0.00946143960895191,0.0
2022-08-29,0.156557490061115,0.0021224820505415993,-0.008223583670914322,-0.024958996389194157,-0.04321391126539762,-0.0036129600552579078
2022-08-30,0.21528617402701425,0.014968715726652542,-0.0014053054105374995,-0.003146855773250308,-0.01804071047384,-0.0008425347030383001
2022-08-31,0.2248507760560629,0.016517066238674938,-0.0013084396139305793,-0.002944290690361087,-0.017621958563553444,-0.005993810123861465
2022-09-01,0.22467601425222172,0.010905769969547903,0.0020048814208393773,-0.004035362826053107,-0.013322314990826076,-0.006485568824394328
2022-09-02,0.2278021602054684,0.02120201856550635,0.01884253459120445,-0.0022923054954181996,-0.011408996514257084,0.009482224224858893
2022-09-03,0.1906375524009922,0.013927303839449734,0.0029994764119387,-0.0019756680877612335,-0.0132866971312379,0.0
2022-09-04,0.14894748176263156,0.0055990739993001006,-0.00020861934372395008,-0.00195160031225605,-0.0170731379041158,0.0
2022-09-05,0.1798679867986798,0.0033003300330033,-0.0148514851485148,-0.0066006600660066,-0.0148514851485148,-0.00526297161004452
2022-09-06,0.2202102553176875,0.019646754079627758,0.008151620475389127,6.822489577825703e-05,-0.005887407465405059,0.0008110397805447533
2022-09-07,0.257034632034632,-0.013167388167388099,0.0005411255411254994,-0.0007215007215007497,-0.01785714285714285,9.319028852461386e-05
2022-09-08,0.20235619136614663,0.0015039924176625244,-0.0035797691090361248,-0.004886847500394226,-0.02142133913306825,0.001418791791362839
2022-09-09,0.35335856196783344,0.0654064478567789,0.0330398078742449,0.0021832472163598,0.00331125827814565,0.006084626816758032
2022-09-10,0.2590855803048065,0.0117233294255568,0.0128956623681125,0.0,-0.0046893317702227,0.0
2022-09-11,0.24315156169994878,0.01831521138921515,0.0160944719768249,-0.00415968703444985,-0.0115964224123617,0.0
2022-09-12,0.2024844844165825,0.0007692625830663408,-0.01447165522809126,-0.00600668484496742,-0.02619270863676032,0.008395412617880016
2022-09-13,0.21786408507534688,0.009511856409402861,0.008518901721062259,-0.00341900384689636,-0.015230761822914718,-0.006069515079614618
2022-09-14,0.15227109966243205,-0.003935989272088488,-0.026307738130945776,-0.007337760543798638,-0.03246683704758593,-0.0016217858111056138
2022-09-15,0.21133739249746405,-0.004992695725215742,-0.008249428129412133,-0.0068848532895217085,-0.019176258668155536,-0.004530245265655264
2022-09-16,0.2550404716585091,0.022231504803885083,0.009944298546908216,-0.013141452233067133,-0.023606569205522333,-0.005717727912678328
2022-09-17,0.1982703022228888,0.0069232024774248,-0.0014756029238554,-0.01140956473022265,-0.02944059429962895,0.0
2022-09-18,0.20225755133336953,0.0153804394856902,0.003888768140004267,-0.008028329197684,-0.019398861740514636,0.0
2022-09-19,0.19525464951521565,0.0022422437476584756,-0.010438989873819277,-0.003325042177679775,-0.008244503803316774,-0.001124114870416193
2022-09-20,0.18897749394125407,0.014764715236931333,-0.010376331455839468,-0.0019287153045114333,-0.012911859963254634,-0.005923839679714771
2022-09-21,0.21847826040851412,0.01054593533646476,0.0002169861340934498,-0.006993067094121281,-0.01611044655231009,0.003750389940436527
2022-09-22,0.2444619137967643,0.017434255245376874,0.011722399292062575,0.00011132926794435016,-0.006189011831282625,-0.008201444908165545
2022-09-23,0.2735849056603773,0.0094339622641509,0.0235849056603773,-0.0047169811320754,0.0047169811320754,-0.010027658646500015
2022-09-24,0.2644199634185622,0.03018234280843851,0.012828204656674926,0.002801998341736525,0.002929922930530675,0.0
2022-09-25,0.2007912957467853,-0.0032970656116056,-0.0095614902736564,-0.0072535443455324,-0.0286844708209693,0.0
2022-09-26,0.23367386379208685,0.02556555484226676,0.011465673206214114,0.0041734510057685505,-6.945865134462504e-06,-0.0010540855416030226
2022-09-27,0.2024272465356749,0.01966661172576893,-0.00899358450821735,-0.0006062424622466901,-0.010129915349399929,-0.001173649556965639
2022-09-28,0.21241119937807387,0.0078521750206361,0.0022150263676829008,-0.0041519776133896805,-0.015271284844993719,0.0008437891287784716
2022-09-29,0.22405531020495117,0.016126562304821547,0.003317585020602625,-0.0076899479540866,-0.01083430984446705,-0.006691089360580715
2022-09-30,0.24093682476564512,0.016012594054819633,0.0083443543155721,0.0028416828717397,0.0015212432835982337,0.006489909999898735
2022-10-01,0.24042825146328617,0.01648960498331255,0.004969967682456575,-0.0049143330261875,-0.010930015068027474,0.0
2022-10-02,0.21447196137996624,-0.008991162582780966,-0.008463716938414767,-0.012005680925167734,-0.021287098885319666,0.0
2022-10-03,0.23807637712965324,0.012209237634050699,-0.0042858095794035675,-0.013578362485986067,-0.026677470815562866,0.0023908587906031897
2022-10-04,0.20954077438045646,0.0170301060956035,-0.0012312570958774999,-0.0038758172493442503,-0.011627451748032747,0.018024917096380655
2022-10-05,0.26593888729154314,0.026284820082792048,0.009710354116458722,-0.0005938850360117246,-0.002147448892045758,-0.003917113869378319
2022-10-06,0.22365759684195466,0.010882610608337277,-0.00812782928248878,-0.009951294213766282,-0.019978150124737897,-0.0035729161278603705
2022-10-07,0.25791560319125617,0.03327029377518663,0.010907153069177099,-0.003051628653567225,-0.026239586171185776,-0.005112971430344615
2022-10-08,0.22000824702533198,0.025245533215532124,0.014858390639767901,0.0,-0.0036963772130816754,0.0
2022-10-09,0.24179644285032642,0.03667910817695318,-0.0027572541332891837,-0.0042878438903834835,-0.014959132300355135,0.0
2022-10-10,0.31419536093888395,0.0472994168881015,0.0257933212774333,0.0052790694813502495,0.01273711987009145,-0.0019579107224090286
2022-10-11,0.1767926168214411,-0.005409154451575707,-0.0009295185256281126,-0.005984724650171486,-0.02682275504880397,-0.0005468500676939492
2022-10-12,0.21707712100184853,0.0032784552365424874,0.004009444461336716,-0.005804784478516558,-0.02442298382170898,-0.0010980661510999745
2022-10-13,0.19087292898816027,-0.0022215544279167495,-0.0155458173315858,-0.00430973777096575,-0.019536053335508972,0.004508675826842001
2022-10-14,0.20858146686113085,0.01378570586783966,0.00891152560072025,-0.00256847710382966,-0.0031817418366734003,0.0038777883180309836
2022-10-15,0.1925716113255397,-0.0055965923095466,-0.009355799971504515,-0.002401415460667283,-0.014179566324922316,0.0
2022-10-16,0.16288288006331983,0.0024405467823481668,-0.017867574359189998,-0.0063273167500499,-0.018656372959013737,0.0
2022-10-17,0.22895157980395422,0.014148340691114238,-0.005193961616535327,-0.009790061306319889,-0.02620911488721142,0.007889123629606587
2022-10-18,0.19285494747433757,-0.007740621569580855,-0.006207491089327414,-0.009349571310371122,-0.02722778535657678,0.001889591680325875
2022-10-19,0.21327269887176487,0.023606899722725533,0.006607477033952843,0.0003658445906210363,-0.012141162462753985,-0.0018852737478565196
2022-10-20,0.1935253393356524,0.0042476638701316495,-0.007303389946115501,-0.01801718845917735,-0.046350862833367396,0.0033074387190490384
2022-10-21,0.22257787696337147,0.006546401968677701,0.004214177092752183,-0.0033376793966122167,-0.0113513457006738,-0.003690811104089864
2022-10-22,0.0,0.0,0.0,0.0,0.0,0.0
2022-10-23,0.24587521253507003,0.015483323108368433,0.003837525937770233,-0.0031061143177851837,-0.013539216872137966,0.0
2022-10-24,0.2611335796434195,0.0271892007661196,0.01101180522877,-0.00034468227327549996,-0.0029254411795501998,0.006851457762772739
2022-10-25,0.20620867206262491,0.009753353704996751,0.005322619186722342,-0.0040818561862460585,-0.020317849984837908,0.00836141345427377
2022-10-26,0.19678197591019217,0.0057295224106645335,-0.002739705920685167,-0.009889483849965833,-0.021567482445780103,0.0017861702064250196
2022-10-27,0.22911293680368966,0.029044318146956682,0.012983934945546319,-0.0016295966644952798,-0.00244362526213866,-0.0022394241866043885
2022-10-28,0.19407667477312773,-0.005117604785206598,-0.001246480494294949,-0.0104410577874138,-0.02512792475172635,0.002013769592425607
2022-10-29,0.2429078014184397,0.0159574468085106,0.00177304964539,-0.0230496453900709,-0.0336879432624113,0.0
2022-10-30,0.2188651436993367,-0.004421518054532,-0.0132645541635961,-0.0103168754605747,-0.0191599115696389,0.0
2022-10-31,0.1738035264483627,0.017632241813602,0.0125944584382871,-0.0025188916876574,0.0050377833753148,-0.0004349785306470011
2022-11-01,0.2042440318302387,0.0318302387267904,0.0212201591511936,-0.0026525198938992,-0.0106100795755968,0.004239870692690939
2022-11-02,0.2631811302799636,0.03110476107108995,0.019729445820916,-4.6150689691549975e-05,-0.006904917014325662,-0.0035398099131942473
2022-11-03,0.21074920853903611,0.007626014869380734,0.0091436574639285,-0.0035011728900959833,-0.014339805167855199,-0.002331020142220197
2022-11-04,0.18,-0.03,-0.03,-0.025,-0.045,0.011881335801851467
2022-11-05,0.2480526788022568,0.014389342579497248,0.01466459844579285,-0.0031738065909333,-0.009246163906504252,0.0
2022-11-06,0.22269628481612105,0.022704883680312773,0.00509657345004775,-0.00080128205128205,-0.010875991593394049,0.0
2022-11-07,0.10451454854514546,0.00033746625337465006,-0.005768173182681701,-0.00342465753424655,-0.004168333166683349,1.1500958553956053e-05
2022-11-08,0.21191558780651076,0.009906470890227597,0.016383250455134724,-0.0009715755576682708,-0.010435607717421717,0.001681376620652486
2022-11-09,0.21983831836973133,0.009462901434174413,-0.00016587096015100063,-0.0008928571428571375,-0.01145708896984575,-0.0007375529077822129
2022-11-10,0.2063234505874547,0.023661450351061413,0.002448898574938383,-0.0025062224329266834,-0.014761372485269458,0.008444470734687126
2022-11-11,0.2148139320868629,0.013793045141095164,0.005520622167545263,-0.0037904630870424128,-0.013709199919810136,0.0024958541203057294
2022-11-12,0.22877237978603635,0.017742118431526035,-0.0008321067994528678,-0.0050566904321892245,-0.014898686554250667,0.0
2022-11-13,0.2605784931631318,0.016407504868174813,0.011656078014339124,0.0011466628780570126,-0.006564247483132426,0.0
2022-11-14,0.2121873867420411,0.023399610030031773,0.005253052244007475,-0.0024758039341886582,-0.012051115455720266,0.0009571346656125357
2022-11-15,0.28213967994666767,0.025684298914214525,0.0075032743220136994,-0.002446588795272987,-0.0069785640498275245,0.0021297318788517927
2022-11-16,0.22649634181613507,0.02005422895607505,0.008340065009170351,-0.0029703750179129,-0.009220129589005617,-0.0022578677750826337
2022-11-17,0.2692307692307692,0.0384615384615384,0.0109890109890109,0.0054945054945054,0.0082417582417582,-0.0020490445764371756
2022-11-18,0.1956616999342988,0.007901748544403916,-0.0034003075810985343,-0.011658311347576866,-0.03360454464974235,0.0044899514734302315
2022-11-19,0.29457981631894675,0.04686255773212294,0.008520465042204134,-0.004273504273504233,0.0024552741944046334,0.0
2022-11-20,0.17610230012739692,0.01053771421260622,0.0014086603028814419,-0.011561981870959505,-0.02863510485882881,0.0
2022-11-21,0.21891920801722933,0.020321585924942702,0.0074626118174873435,-0.00961959732794693,-0.011492193530641874,-0.0006547505648089036
2022-11-22,0.2170499543166345,0.018406642552816405,-0.005579512588438584,-0.004655663046312527,-0.011978501071822417,0.0015081799205090007
2022-11-23,0.25396884225861077,0.02101182759532623,0.005734443170363308,-0.003522784103624554,-0.008722404560354629,0.001404167333330708
2022-11-24,0.23792394650092782,0.0021107046038918893,-0.006456454747604455,-0.014407319360256144,-0.03453278157751055,0.0018317297941754518
2022-11-25,0.2662266528697632,0.03895291331700792,0.0032093398530256777,-0.008573523181889855,-0.02688791701517479,0.00033398819948748937
2022-11-26,0.1464968152866242,0.0127388535031847,0.0127388535031847,0.0,0.0,0.0
2022-11-27,0.20292665922676756,0.0036909376485679663,0.004011198049693566,-0.0025976754624722,-0.014122880391626602,0.0
2022-11-28,0.23998156187162425,0.014566955180157815,0.0010138514099490075,-0.0025668820364935,-0.013762187920066516,-0.003069805071669318
2022-11-29,0.2006624227994968,0.015025540548952509,-0.00094599895412968,-0.0019403115458098397,-0.009368869272520342,0.00024557942128344834
2022-11-30,0.2363560679021411,0.029928831209544877,0.004916993249266228,-0.0019363838014744906,-0.007810214483616629,0.0045076648366930705
2022-12-01,0.2517345136862967,0.022886844440472842,0.012849691984506523,-0.0008154747824415786,-0.003203801016960114,0.0009926984547892204
2022-12-02,0.22099502668167126,-0.0107361963190184,-0.0076687116564417,-0.01490180418920385,-0.047990706792028104,-0.0007542891120104755
2022-12-03,0.2064516129032258,0.0043010752688172,0.0021505376344086,-0.0150537634408602,-0.0236559139784946,0.0
2022-12-04,0.2047141901463923,0.01426840817525984,0.004963769094080169,-0.00025059558284443016,-0.012963439912793598,0.0
2022-12-05,0.20390909951012368,0.01643232018608398,0.009672294469609554,-0.0010115058545787133,-0.0147805038389697,-0.002927149518547445
2022-12-06,0.21552883338320408,0.005049349424671054,-0.004248520597600767,-0.004397800365113639,-0.01833139757741393,-0.0005950723244221301
2022-12-07,0.21417789354759353,0.02274337529836572,0.0004777783439317441,-0.002828700856747033,-0.009943204834965665,-0.0017699392808618875
2022-12-08,0.248231219714729,0.021370044305068846,0.010843382436666809,-0.00470260816303919,-0.019035442101631057,-0.0008667542291016517
2022-12-09,0.2482702672153014,0.028293290940295895,0.00905971041324763,-0.0022139460634022375,-0.000220158604552571,0.0019770742953477694
2022-12-10,0.15269007364533352,-0.0010257868044472168,-0.007151594326191432,-0.0023588344847061834,-0.020498465990007732,0.0
2022-12-11,0.1966157807114242,0.004758422039465433,0.016941966874038202,-3.981882434920021e-05,-0.0018814394505002002,0.0
2022-12-12,0.2351058872408037,0.027877638161384402,0.008937696160467001,-0.00045532310097330024,-0.0014723596231260008,-0.0017654607195098926
2022-12-13,0.19579196861919443,0.013321565397403133,0.007489583467406391,-0.002747727377620703,-0.010884703798409745,0.006123114789501116
2022-12-14,0.228031816184254,0.02159111827051582,0.013011327323408808,-0.0017027958310794245,-0.005440735986292575,-0.0009146216273876462
2022-12-15,0.19688095525984106,0.012430649663900945,0.0017376319632016522,-0.0014281760974686765,-0.013213546549226723,-0.013633976912561518
2022-12-16,0.1918467898021659,0.010255688190245789,0.00023906129019371194,-0.0013124575087839004,-0.015564637076519327,-0.0046953113421679404
2022-12-17,0.2072406376689871,0.01587233218343365,0.0013084221897437,-0.005806547739358675,-0.018795724117058477,0.0
2022-12-18,0.22970700435702293,0.018408334660177165,0.007297825238832875,-0.0034943485849554087,-0.009430086287370208,0.0
2022-12-19,0.19702805784900734,0.004460281378654896,0.0013998799069055803,-0.00443809925230026,-0.021836260006273592,0.0013883111517096758
2022-12-20,0.25587513098997405,0.019307795862775434,0.009260010657277067,-0.0016315438253884003,-0.005911364517482025,-0.0015363877500966794
2022-12-21,0.19610039815340116,0.0014523485707445896,-0.004321402375068091,-0.004902112178675213,-0.026815410419416895,0.008653070811846408
2022-12-22,0.20528998785885452,0.018380311466980315,-0.006514182866543275,-0.004047326762584714,-0.022733770721664135,-0.004129377747851937
2022-12-23,0.16471551422229908,0.01456847606936035,0.004309517573442467,-0.00808098442744945,-0.030368518427928252,-0.000871753563935318
2022-12-24,0.1788182849948962,-0.0063832944170121335,-0.02546505694017785,-0.015002318046159783,-0.037555681379050854,0.0
2022-12-25,0.18343601974229018,-0.0028984067044287498,-0.015113120673092801,-0.0165457617012819,-0.0359650866209546,0.0
2022-12-26,0.16388573688191999,-0.00423371845127565,-0.0274869334983838,-0.0105950416064919,-0.026236159823946052,0.0
2022-12-27,0.20025670828479925,-0.007760617470257033,-0.017569358447934964,-0.005242347215885634,-0.020092823309273766,0.003044451114878388
2022-12-28,0.20898997001938172,0.007898169662875525,-0.0037444504356269003,-0.0058328330387153755,-0.006779802735685075,-0.002671377320925483
2022-12-29,0.21949011191507112,0.00932767080850944,-0.00252252925512582,-0.00367098395117794,-0.0085656285353768,0.004181007665992276
2022-12-30,0.2600437876299945,0.0214148877941981,0.0013820470717022665,0.0037356321839080333,-0.006910235358511201,-0.006638120263365632
2022-12-31,0.0,0.0,0.0,0.0,0.0,0.0
2023-01-01,0.0,0.0,0.0,0.0,0.0,0.0
2023-01-02,0.1693174711467394,0.00880623441599045,-0.0159657415754976,-0.010596111205867224,-0.04238444482346915,0.00802989179112501
2023-01-03,0.16497823084959537,-0.0018438577764397165,-0.016598691473520798,-0.009118436549945876,-0.02312452926593774,0.0019266497103131996
2023-01-04,0.202987678368579,0.011542810806477394,-0.0020937995608672757,-0.009196660792879388,-0.024526412744855106,0.009887847054323995
2023-01-05,0.18733829260184431,0.005945122427310996,-0.009580766551525266,-0.009049468579690124,-0.02169177233795585,-0.0009579153674343921
2023-01-06,0.1656253791536902,0.00522343933312514,-0.0068394067447832205,-0.00814512478111454,-0.029851448051158656,0.006341214337597378
2023-01-07,0.1503350906978822,-0.01237065499061745,-0.0417996604414261,-0.01595746582074875,-0.04667679385220265,0.0
2023-01-08,0.2099411936390935,0.022177330389052625,0.0091307728501942,-0.005884647638817401,-0.0170506941299211,0.0
2023-01-09,0.23509938137112696,0.017553041758575482,0.008354834520279618,0.0007086361496188667,-0.004729486111929499,0.002927815973141623
2023-01-10,0.19099161244334975,0.0060316843929382,-0.0017301399506052001,-0.00583989574423323,-0.017553184106826387,-0.002409706193299943
2023-01-11,0.22842425906730554,0.009916482766337918,-0.007353314264343432,-0.004011660311057489,-0.015710858244907804,0.003466596233282271
2023-01-12,0.1987014104210034,-0.002543624630327139,-0.008960099807570615,-0.0075003686498575535,-0.030439967051818284,0.0032175879387383866
2023-01-13,0.2281323877068558,0.0165484633569739,-0.0011820330969267,0.0,-0.0106382978723404,0.002967026097834946
2023-01-14,0.2353766048997388,0.0216800061391731,0.01805754645188075,-0.0016868338578611502,-0.00894497760479865,0.0
2023-01-15,0.2738273057212161,1.74779473897501e-06,0.0013439781632045003,-0.0061307320068330505,-0.013622654155495975,0.0
2023-01-16,0.23798847704654966,0.022837406227220233,0.017449690078228452,-0.002498447991397333,-0.0070067556645251675,0.0012232204688058523
2023-01-17,0.20749408106049613,0.015758384509413886,-0.00311549108335195,-0.004326459384652025,-0.015321901472344801,0.0020822165658813674
2023-01-18,0.26974093090353773,0.030428140798827066,0.012877696802992325,0.0017145172009281331,0.0042912983220725585,0.00038213861597835574
2023-01-19,0.23648829955443626,0.01091368614698205,0.012822217365525518,-0.003618355643354392,-0.006534647279665716,-0.008139512891351508
2023-01-20,0.2806739409153455,0.016366584012106302,0.0081835673043526,0.0004113874255115991,-0.008267141194174267,0.0027475450399703227
2023-01-21,0.13724162403495377,-0.006406896777501406,-0.02024345447030106,-0.0028652013631225307,-0.018490537857538045,0.0
2023-01-22,0.18100072957791857,0.01252522841692224,0.00915979161105545,-3.10936212067916e-05,-0.013921652740005874,0.0
2023-01-23,0.18684607270206938,0.010725378314028124,0.009921134010707001,-0.0016152209802767561,-0.016546003491774874,0.0022309039369790007
2023-01-24,0.23545453064735186,0.012574168689458005,0.005024077743469721,-0.0038117964706231786,-0.01635468277895388,0.0011385852449627976
2023-01-25,0.2611061191173035,0.02609613421545263,0.01848899778014381,0.004030197221639658,0.0010111921954982495,-0.0004067422635021245
2023-01-26,0.1882648470477259,0.021167820240289507,0.0041179151223854965,0.0024588265551822356,-0.013630483815942025,0.0032010676421383444
2023-01-27,0.21157278728914808,0.01220453384220473,-0.003895744662483569,-0.0006508417603494749,-0.011681172378803551,7.464429438819309e-05
2023-01-28,0.29141962153756584,0.030972798288310077,0.01743582592848685,-0.002382586694955125,0.00411522633744855,0.0
2023-01-29,0.2648264612322982,0.01777383105908303,0.00033522373971545,-0.0014947683109118,-0.002446875047155983,0.0
2023-01-30,0.21638107782086946,0.0135881594852015,-0.0013616430637936874,-0.010796042247072327,-0.018353737318225444,-0.0009311321029228381
2023-01-31,0.23815281067204547,0.01433186393568065,0.0022710730479004997,0.0034387440155741376,-0.0015947923779049376,2.5151522721422737e-05
2023-02-01,0.21057771643519246,0.020232148932111737,-0.00024609196992270014,-0.0095767998629749,-0.02002886466174065,-0.0003257353125993845
2023-02-02,0.19287426990708517,0.00339194299368435,-0.009415132912126076,-0.0021035158805116872,-0.008932244156346287,0.005437230529052428
2023-02-03,0.23711107572305684,0.016279674458904776,-0.002050536689497026,-0.01478512619557675,-0.01427683296980645,0.004081730709680986
2023-02-04,0.19707137472403205,0.00518954283560385,-0.0077843142534058,-0.0129738570890097,-0.0285424855958214,0.0
2023-02-05,0.20232274384515697,0.014770871449275476,0.0030509767953570506,-0.00597638381410065,-0.017263599465522375,0.0
2023-02-06,0.168043839499353,-0.007358808701023334,-0.024041318258044467,-0.020126915878861767,-0.03600233087745686,-0.0058531109676782656
2023-02-07,0.210184250063156,0.01362262447903271,-0.004025273053319933,-0.0048753952416119,-0.014227470149499443,-0.00028913501738347946
2023-02-08,0.21316974296367405,0.0075909877038707494,-0.0017718271738054621,-0.005502636630739254,-0.015062919717925172,-0.0007630238926035204
2023-02-09,0.2040072199641276,0.022209984049628147,0.00015066880045167116,-0.010556793387274405,-0.018216040630209963,0.004160181710776367
2023-02-10,0.2872721198784947,0.022517259569264998,0.0158090084047076,-0.0021097046413502,-0.003004609814126333,-0.0035567282028452496
2023-02-11,0.1981981981981982,-0.0112612612612612,-0.018018018018018,-0.0247747747747747,-0.0427927927927927,0.0
2023-02-12,0.1863013698630137,-0.0191780821917808,-0.0301369863013698,-0.0164383561643835,-0.0383561643835616,0.0
2023-02-13,0.232259452919495,0.01621410408547845,0.0039172384355466335,0.0009292928614965662,-0.010404364809511417,0.0047772332512789895
2023-02-14,0.23128018107526305,0.0236315861315861,0.015337944128927725,0.0035306823216659246,-0.0181262671016769,0.0003143874366404731
2023-02-15,0.20605356701118227,0.011240647102718264,-0.0012013952523275851,-0.003431214631378015,-0.01254987756959384,0.00520930934094066
2023-02-16,0.224430399959364,0.00988381310909193,0.00025395817042893923,-0.0059884104886542356,-0.02251942731904877,0.003867144690970381
2023-02-17,0.21696494393613902,0.013151037602157637,-0.0024856562117342123,-0.006327470196845488,-0.020350270532836116,-0.0010885461365233162
2023-02-18,0.18207777593010227,0.021818202947612123,0.0037034325870534,-0.0021039799090048997,-0.015454740629489674,0.0
2023-02-19,0.20102583388140788,0.011412393469106701,0.0007173259247148,-0.002831556631278917,-0.02106178730059895,0.0
2023-02-20,0.20790584998808442,0.0116497345878789,0.005972236552433125,-0.005617996507471424,-0.008755848872127926,-0.0007163852085514399
2023-02-21,0.2073732718894009,0.0161290322580645,0.0,0.0023041474654377,0.0046082949308755,-0.0015990668986067824
2023-02-22,0.1705069124423963,0.010752688172043,-0.0122887864823348,0.0,-0.021505376344086,-0.0005583392700945211
2023-02-23,0.09375,-0.0089285714285714,-0.0267857142857142,-0.0267857142857142,-0.0491071428571428,0.001079767429319034
2023-02-24,0.2265161505985124,0.022656284514556067,0.010012311128149768,-0.0017320859602738667,-0.00813722023881385,-0.007794625763068996
2023-02-25,0.2482611466064287,0.020240302027426972,0.0072640931007768,-3.882100604637529e-05,-0.0042457598806713995,0.0
2023-02-26,0.2577137719981817,0.02186543000058097,0.02003030784637415,-0.0022217351776089253,-0.005877891506967299,0.0
2023-02-27,0.25007414093495123,0.013009053645239192,0.01004196832168896,-0.0021151284486422097,-0.015261016065984003,0.0064940653707119544
2023-02-28,0.24352976165850565,0.01940531598400446,0.0028304487449623147,-0.003236037824918867,-0.01062899235848116,-0.0016472803016176485
2023-03-01,0.19901969413182924,0.02227782836085611,-0.001981078688396208,-0.004195872391271742,-0.014952785963421327,-0.002017233368597715
2023-03-02,0.21362566180942621,0.014956341707706317,0.00024437778943324143,-0.0023711183942522764,-0.010203840933212555,0.0029895538590714033
2023-03-03,0.22356912001267626,0.01859639452755,0.006093035042661574,-0.0011628820470628689,-0.014942996320823012,0.0037931801229778017
2023-03-04,0.23186056726705695,0.018428893957670577,0.00288419702716735,-0.0062196119605425,-0.010601793645713176,0.0
2023-03-05,0.22851803400167847,0.008451542170710879,0.004454851828856913,-0.0015075393761820924,-0.008009553977292775,0.0
2023-03-06,0.20263870331763148,0.005969754071693269,0.00221039978716969,-0.00409444793356879,-0.01622786679300596,0.001480354192664457
2023-03-07,0.20184096709709176,0.011472485193597209,-0.0006988368466699251,-0.0090751837211059,-0.02574252625817121,-0.0020037349595312115
2023-03-08,0.2570810449324685,0.029411137037519457,0.00905421347781378,-0.004034872421245361,-0.00695817830171552,-0.000859480700998283
2023-03-09,0.25351460345957283,0.02551576211908004,0.010094919695370642,-0.0027612154015481862,-0.011042790651580066,-0.0005268191489165019
2023-03-10,0.27116374699676615,0.035034615381026424,-0.0008094051355357334,-0.0026172200538781866,-0.002806428554210061,-0.005689073752263685
2023-03-11,0.2668040243758681,0.0167176632788515,-0.0066797874030679666,-0.0007318910773867334,-0.014994029039879833,0.0
2023-03-12,0.20867819732034104,0.018144214372716197,0.00182704019488425,-0.0042450669914738,-0.0181802679658952,0.0
2023-03-13,0.2146438266175686,0.0049147839113074,-0.0068230390624817745,-0.011517925073362724,-0.02679398939599176,-0.012766554202826796
2023-03-14,0.24099529092175626,0.0203774150879974,0.007595642813383613,-0.001164597512956987,-0.010284004173318987,0.007982748330030542
2023-03-15,0.25757735244012475,0.0218687733564316,0.015750003304943017,0.0018719954350794501,0.00306264448401225,-0.015844961244179334
2023-03-16,0.26767866194918855,0.02070642631919883,0.009244662151465572,-0.0017801165583103198,-0.00903119999636762,0.008742125450106553
2023-03-17,0.23391045414943729,0.005733125654940374,-0.002818676171992157,-0.006546553189909666,-0.017320701048043115,-0.0062459944387986965
2023-03-18,0.0,0.0,0.0,0.0,0.0,0.0
2023-03-19,0.25325043124533353,0.01296954249375655,-0.0025424165186272,0.0046568059524728506,-0.01298563373754535,0.0
2023-03-20,0.22506056160687832,0.014884449503206287,-0.00573945988113689,-0.00392954777522749,-0.010518494139131071,0.005467660616440995
2023-03-21,0.22709468147550887,0.01066713311368089,0.0074590703941135,-0.00717079733664047,-0.017200055262105718,0.006134806023418982
2023-03-22,0.1919368550951058,0.003869483432679958,-0.010476101887555133,-0.008605976582303011,-0.025954862729886764,0.0011104286827379184
2023-03-23,0.20804918933543073,0.0069575185547774004,-0.0041572184429327,-0.0044905210956871,-0.00869236583522295,0.0004948384209315648
2023-03-24,0.22478882365151387,0.001801399709991684,-0.009971052253365977,-0.008510280874683517,-0.019037816733563542,-0.007618717883903781
2023-03-25,0.24246377120067214,0.008870669922682699,0.001168226727995483,-0.006867676009259016,-0.020235744679902266,0.0
2023-03-26,0.23512274835327324,0.0322560996101626,0.00543377806156735,0.0050704059685441,-0.0108843594569162,0.0
2023-03-27,0.20907703265250963,0.0098826091596667,0.003094624149862621,-0.00552771496983822,-0.01041629228631317,0.003893253642347272
2023-03-28,0.2244230619092246,0.01031166527554797,-0.0025810398470759582,-0.0043349770314087205,-0.013012005435477711,0.0006174052614511538
2023-03-29,0.24820085858225008,0.0198404426246322,0.011394162563685827,0.0030557172652640498,-0.003480015323938775,0.006002523486940969
2023-03-30,0.2366522370760269,0.017300195107550858,-1.6632318445802645e-06,-0.00366443218942271,-0.012841331832622132,0.004591120198024878
2023-03-31,0.2166867289559061,0.01626951195775695,0.00284334144689272,-0.0024539751011701,-0.013055922369987687,0.003514689458496534
2023-04-01,0.23884848042456733,0.0115685843946713,0.0114725250594816,-0.004625979897719001,-0.009171906997993966,0.0
2023-04-02,0.18658597497938179,-0.013709649316405101,-0.0018933893993424997,-0.0229878381674778,-0.0485137474009455,0.0
2023-04-03,0.25016541126918834,0.01786797259530005,0.0162536412589816,-0.0029852440585963077,-0.012996536238190533,0.0013956925276703558
2023-04-04,0.21428548796274766,0.013593216118227934,0.011557773356401773,-0.00608680078172325,-0.02025080939793925,-5.912420527520723e-05
2023-04-05,0.21857156352312015,0.01873460835342563,-0.009822073257501701,-0.0038940797180176305,-0.008411310718480728,-0.001697939147741856
2023-04-06,0.2389695080074145,0.019442066234055394,0.003158638658368286,-0.0031928818808374337,-0.012148440354458301,0.0005013128861488525
2023-04-07,0.2435005937912286,0.015127556167599665,0.0031258398349972897,0.0003184019926817554,-0.013122477976301278,0.0
2023-04-08,0.2172282567176067,0.012918731321227572,-0.009711362278379078,-0.00628799545423357,-0.02521479193962862,0.0
2023-04-09,0.0,0.0,0.0,0.0,0.0,0.0
2023-04-10,0.2216216216216216,0.0018018018018018,-0.009009009009009,0.0,-0.018018018018018,0.0
2023-04-11,0.23601510164655082,0.0306688874410394,0.011923896446297625,-0.003714144441974763,-0.011461506527821325,0.0038680740132237545
2023-04-12,0.17303029844396764,-0.006709276711106753,-0.007984334179761281,-0.00610649773420186,-0.027758109110543917,0.000391212039666744
2023-04-13,0.24216226571847602,0.019957148069244115,0.00459272716011485,-0.004498780607366067,-0.018322404382264453,0.004897697660882994
2023-04-14,0.3113270947999083,0.048893744266712474,0.03473727210182315,0.00133254142300195,-0.004615923489278725,0.0022455186943868277
2023-04-15,0.24698677965932622,0.013155592963107662,0.012438659406530762,-0.005683973791492601,-0.002644964068055475,0.0
2023-04-16,0.1719576719576719,0.0,-0.0396825396825396,-0.0264550264550264,-0.0476190476190476,0.0
2023-04-17,0.21492757904288518,0.029651587455555285,-0.0017365239700673826,-0.006617003530923666,-0.021850788953518184,-0.001239436841995012
2023-04-18,0.21916391804938845,0.006183014048113938,-0.00413739045998875,-0.0010803851097353375,-0.010509424744042012,0.002048408091436027
2023-04-19,0.20725418209388294,0.011338163160056319,0.002072552044346817,-0.009235374490116433,-0.02039617157253495,0.0009104543760360961
2023-04-20,0.2447225813982723,0.022679972143901852,0.012573980289216502,0.0011686191875836666,-0.001986044015029517,-0.000617699574934516
2023-04-21,0.2407407407407407,0.0238095238095238,0.0264550264550264,-0.0105820105820105,-0.0185185185185185,0.0022002523547914876
2023-04-22,0.14625946969696968,0.012689393939393898,-0.0125,-0.0015625,-0.021875,0.0
2023-04-23,0.19920323549355806,0.01838128451031675,0.0006659885692144,-0.0047103555168071,-0.0188414220672285,0.0
2023-04-24,0.2559519670097423,0.011508894761355125,0.00268817204301075,-0.0011665831358969503,-0.011563949132292476,-0.00018002201899802728
2023-04-25,0.289354532547216,0.02200919629728607,0.008494642458475365,-0.0011778563015312,0.0006681117676752667,-0.0024294497347883137
2023-04-26,0.17583629903213693,0.016250967879662768,0.0052219197698781215,-0.003982697684232722,-0.007621068733354777,-0.003761430570584423
2023-04-27,0.1540642728656427,-0.012917444997924432,-0.022153267838199334,-0.008150252525252533,-0.046720112079701094,0.0009980999944052549
2023-04-28,0.2684911562978901,0.03182398731190812,0.009443287463070575,-0.001042147884453375,-0.00879119189942855,0.00044429893493225237
2023-04-29,0.0,0.0,0.0,0.0,0.0,0.0
2023-04-30,0.2714425473004153,0.01381941239809255,0.014613751730503,-0.0033077988001846,-0.012947546531302801,0.0
2023-05-01,0.2403411833013641,0.009045675606974566,-0.004851841275401717,-0.007881945996603433,-0.018856136940877732,0.0
2023-05-02,0.2316756168753392,0.021734109613926134,0.023895359141535066,-0.0025651378451323668,-0.006966476131915333,-0.006324139405239126
2023-05-03,0.199324337956962,0.00901725146516525,-0.0074085942379356826,-0.008822715633256732,-0.013228278354549683,0.0012117984472452825
2023-05-04,0.22013121095194302,0.0041909764028859,-0.013486855203405401,-0.010092751479757368,-0.032548216548633664,-0.003714824683755502
2023-05-05,0.18208426804304575,-0.0021282372201826666,-0.022279067762806786,-0.014829266402074034,-0.03151813299010813,0.0054184349023800316
2023-05-06,0.0,0.0,0.0,0.0,0.0,0.0
2023-05-07,0.2086513994910941,0.010178117048346,0.005089058524173,-0.0089058524173027,-0.0165394402035623,0.0
2023-05-08,0.15804515119583612,-0.00349650349650345,-0.028171600089408298,-0.01836063479899095,-0.0442491298655682,0.00046600763956927693
2023-05-09,0.24015062520888836,0.016106303785585273,0.004847502547773619,-0.0017844368256597506,-0.0061020569738246405,-0.0025604656650499713
2023-05-10,0.19157936412441404,0.00833365953521989,-0.00758444481516186,-0.01160101423507213,-0.02926352162884204,-0.0021169661363957815
2023-05-11,0.2753661533757842,0.022286702061982924,0.0253900393346621,0.004705901375243225,-0.0019332927639508992,0.001212456124063177
2023-05-12,0.23205545144079387,0.018858802845630712,0.0027181328002330745,-0.00492276089499715,-0.012374781977895925,0.0019412904801101583
2023-05-13,0.2217153284671532,0.000912408759124,-0.0112530413625304,-0.014294403892944,-0.0407542579075425,0.0
2023-05-14,0.0,0.0,0.0,0.0,0.0,0.0
2023-05-15,0.2627450980392157,-0.0078431372549019,-0.0117647058823529,-0.0117647058823529,-0.0274509803921568,0.0001967456452010019
2023-05-16,0.1621112158341187,0.0069745523091423,-0.0022620169651272,-0.0077285579641847,-0.0254476908576814,-0.0007148408024790776
2023-05-17,0.0973732100953019,-0.014618552751305,-0.03096116086394325,-0.0164982519994253,-0.0499137972319333,-0.0003854309039321713
2023-05-18,0.20234175382684055,0.0054007959067652,0.0007983371762005499,-0.00883401560957875,-0.02309101783498985,0.002776097304606928
2023-05-19,0.0,0.0,0.0,0.0,0.0,0.0026205009250075406
2023-05-20,0.2327044025157232,0.0062893081761006,-0.0157232704402515,-0.0094339622641509,-0.0188679245283018,0.0
2023-05-21,0.0,0.0,0.0,0.0,0.0,0.0
2023-05-22,0.2292768959435626,0.0105820105820105,0.0123456790123456,-0.0052910052910052,-0.0088183421516754,-0.0008006857411411161
2023-05-23,0.21054068551159014,0.020616406646867577,-0.0038763567911128003,-0.005309391853583888,-0.01449469332951495,-0.0058143223555635615
2023-05-24,0.23784994577748764,0.01271860095389505,0.013908337632529251,-0.01231851251329235,-0.01364512155318535,-0.0074352215371300545
2023-05-25,0.20914594384199478,-0.003986882647711368,0.0008236116963699179,0.0,-0.025024863846585366,-0.001450771736686729
2023-05-26,0.2134415900863269,0.0082236842105263,0.010938805346700102,-0.010225215817321,-0.0310324422166527,0.00536799194649884
2023-05-27,0.2275641025641025,0.023076923076923,0.0173076923076923,0.0038461538461538,0.0038461538461538,0.0
2023-05-28,0.0,0.0,0.0,0.0,0.0,0.0
2023-05-29,0.23197797045676605,0.020705988303131723,0.01059536494870075,0.004862050966120625,-0.008573553885459325,-0.0009129677788557444
2023-05-30,0.1501340482573726,0.0,-0.067024128686327,-0.0268096514745308,-0.0375335120643431,-0.005629264819073221
2023-05-31,0.20392974647406487,0.00812970785852665,-0.012232398324022616,-0.00920652206948579,-0.02830125241442797,-0.006741371043434086
2023-06-01,0.264026402640264,0.0198019801980198,0.0198019801980198,0.0,0.0,0.002363038001446771
2023-06-02,0.14283825640250808,-0.007372012792425249,0.00234192037470725,-0.0015172118556571498,-0.0239795019012364,0.008033751863255834
2023-06-03,0.18765552373885208,-0.009698656869752324,-0.014564146571307598,-0.0058686642902776,-0.021757693294060673,0.0
2023-06-04,0.0,0.0,0.0,0.0,0.0,0.0
2023-06-05,0.1338461538461538,-0.0069230769230769,-0.0146153846153846,-0.01,-0.023076923076923,-0.004188232156683291
2023-06-06,0.26741756134969324,0.0426667944785276,0.0063362730061349995,-0.0030387269938649997,-0.01224118098159505,0.0004876331552017277
2023-06-07,0.24797344954010253,0.030802193320880883,0.0027441220205041,-0.00487176661161908,-0.0123183347142931,-0.0003742702266338327
2023-06-08,0.20389461626575026,-0.0044444444444444,-0.00773195876288655,-0.00702176403207325,-0.02177548682703315,0.0011657430469673713
2023-06-09,0.24593825977291164,0.0042298607714063696,0.005311887014200591,-0.00605644016567049,-0.00848491561711877,-0.0005421285918436602
2023-06-10,0.24147765257873563,0.007492949956848866,-0.0083255843634905,-0.011884286102095964,-0.015782828282828266,0.0
2023-06-11,0.0,0.0,0.0,0.0,0.0,0.0
2023-06-12,0.2353127453094468,0.004741399111834244,-0.007158275288899789,-0.00843040104591341,-0.016771186329797023,0.002234608123568904
2023-06-13,0.21865825014679974,0.020562243100411003,-0.0011812487766686497,-0.0054714719123116,-0.021194705421804624,0.002416195414247202
2023-06-14,0.23213890916060598,0.020323065753698452,0.0019464967079236002,-0.00423477916285255,-0.016525710686831025,0.0022416839836632008
2023-06-15,0.203125,-0.0026041666666666,-0.015625,-0.0130208333333333,-0.0286458333333333,-0.00223511070378013
2023-06-16,0.25835721753551083,0.048043298002739876,0.009188658158482925,0.0005295082558223248,-0.01356667748215445,0.005783342206949982
2023-06-17,0.2659876440140257,0.00928786107864415,-0.00162798463850395,0.0001461011855067502,-0.01621723159125055,0.0
2023-06-18,0.2114968718622074,0.02848150150614035,-0.0088051286012203,-0.01266702711052745,-0.01266702711052745,0.0
2023-06-19,0.2506018480714352,0.007330951769511067,-0.0037700976807045496,-0.008496644863853717,-0.02325406391494415,-0.00440717543764757
2023-06-20,0.21186375492067944,0.014181558228250478,-0.012603411313607754,-0.013011801567846582,-0.030982817049389592,-0.0011820370967745575
2023-06-21,0.23421814118432124,0.022623820815670072,0.0008158005133185611,-0.006300592095847411,-0.016597805255611008,-0.0019812209873109055
2023-06-22,0.242566004902801,0.025367370419749777,-0.004106311385440752,-0.006599234798480138,-0.024743210455088725,-0.0034643715734055114
2023-06-23,0.25612305854241335,0.004778972520908,0.01948924731182795,-0.00209080047789725,0.004106929510155349,-0.002409873293283571
2023-06-24,0.23491497398486325,0.018451412621330817,-0.0033690161294292176,-0.00593585690236685,-0.026442258511499745,0.0
2023-06-25,0.2375589313776846,0.01369452967148095,-0.009503853925016851,-0.015527950310559,-0.0217391304347826,0.0
2023-06-26,0.0,0.0,0.0,0.0,0.0,0.0012670772360054983
2023-06-27,0.19022706214650484,0.010584363106573466,-0.010609599621123933,-0.011299863751690198,-0.028518293394426936,0.001883763196466326
2023-06-28,0.2054309327036599,-0.0070838252656434,-0.0023612750885478,-0.0177095631641086,-0.0448642266824085,0.0042369793228571595
2023-06-29,0.25525639721928306,0.024945658283496833,0.010074005994966167,-0.005997422576462433,-0.022215453642847233,0.001571307404662381
2023-06-30,0.14371965735794598,-0.015721324869713244,-0.028128977270339268,-0.010309553457632478,-0.02051867575840299,0.005155706937630011
2023-07-01,0.171571967215041,-0.0012679454339082673,-0.004286471488228816,-0.008133863272582916,-0.025394476003080323,0.0
2023-07-02,0.18406991122148317,-0.011520355234252962,-0.023442895299949727,-0.006982867079935701,-0.028995733830903838,0.0
2023-07-03,0.15883866726459275,-0.013043275492150142,-0.01961219793221465,-0.0097343390760675,-0.02117065946822508,-0.0007847718760967126
2023-07-04,0.23991773805520342,0.004332692368494433,-0.004515209262085601,-0.009732318137005466,-0.019756375875578065,-0.0009870993126996908
2023-07-05,0.20555696229710785,-0.004396424889746567,-0.012697829028155269,-0.0028950002271129166,-0.020561087101314535,-0.0034978725823990864
2023-07-06,0.21665875010177826,0.010523962203299883,-0.00311778660962355,-0.0035593281095064335,-0.008779534302546617,-0.013791792390614788
2023-07-07,0.2359307359307359,0.028571428571428498,0.00909090909090905,0.003030303030303,-0.00476190476190475,0.0018107046281099493
2023-07-08,0.2627644744384804,0.01737649174005945,0.013744853822502451,0.0008142685913805001,0.0020291573297201507,0.0
2023-07-09,0.0,0.0,0.0,0.0,0.0,0.0
2023-07-10,0.18196120900568533,-0.012058481929357101,-0.019288400923981968,-0.007621558841071001,-0.025892914845569034,0.0019381835672884762
2023-07-11,0.24380699244654358,0.01837406107216761,0.011992032044626701,0.0020676249883823253,-0.003908029207818801,0.004615188490183719
2023-07-12,0.1890724840255591,-0.0017721645367411998,0.01420227635782745,-0.0079872204472843,-0.0017721645367411998,0.006744478373649443
2023-07-13,0.185820011441481,0.015669888109469177,-0.01753714905587775,-0.004860080318761925,-0.027971887370175575,0.0021734273570492846
2023-07-14,0.21431305723700564,0.02030542679518888,-0.0006752249587167665,0.00025519639632201667,-0.007884189405664667,0.0002792471635677529
2023-07-15,0.23497047900191273,0.023306587110490096,0.004540238532624075,-0.006360531145496347,-0.02288702139692925,0.0
2023-07-16,0.23774896769492346,0.0143611853291231,0.0135110517367015,0.00069832402234635,-0.0073981863816695,0.0
2023-07-17,0.1970741543875158,0.01963425085100494,0.01094712067176264,-0.0060103833547086,-0.014452346252961901,-0.0049085187072441805
2023-07-18,0.26065909306074814,0.03361582545274143,0.018869474322285078,0.0009388948234114499,-0.008257913962680491,0.0016360191050095452
2023-07-19,0.24278736731060854,0.03270566437622487,0.016998344995762135,-0.0033135067265603,-0.018803265671179667,0.00046019333567848264
2023-07-20,0.0,0.0,0.0,0.0,0.0,0.003422584464102041
2023-07-21,0.2409964512842135,0.01885035662836865,0.0031446540880503,0.0017480060433576,-0.0017480060433576,0.002805479248198406
2023-07-22,0.0,0.0,0.0,0.0,0.0,0.0
2023-07-23,0.12375249500998,-0.0059880239520958,-0.0306054557551563,-0.0046573519627411,-0.0179640718562874,0.0
2023-07-24,0.0,0.0,0.0,0.0,0.0,-0.00031914108508290795
2023-07-25,0.178125,0.025,0.03125,0.00625,0.009375,-0.0006940319050281474
2023-07-26,0.2501663633668661,0.028010466469131117,0.011208383330208932,-0.0044732323650611165,-0.021732737171883083,-0.005919046439161413
2023-07-27,0.2528783183584289,0.006513830213739211,0.007051609789451334,-0.009202123805691022,-0.01247826068067171,0.008825312111406802
2023-07-28,0.226740373816384,-0.002118924906009008,-0.0128571445099119,-0.008505415377270667,-0.019813622103512334,0.000652819463361709
2023-07-29,0.2804698972099853,0.0367107195301027,0.0205580029368575,-0.0058737151248164,0.0044052863436123,0.0
2023-07-30,0.21382664499105355,0.0173010380622837,-0.0009122953240948504,2.8905514152625066e-05,-0.00689306377066155,0.0
2023-07-31,0.190083766294214,0.010764189927584785,-0.01608483181457108,-0.013710700210323367,-0.030660656141901315,0.0012360732470879654
2023-08-01,0.20374961535319905,0.010703574157912798,-0.004502594615533455,-0.0047889829078706925,-0.014446437994202636,-0.005344277208494397
2023-08-02,0.18017674547313658,0.006922667166099449,-0.0076314137166292595,-0.00545875307213189,-0.01106318116181965,-0.005502341340030803
2023-08-03,0.1796092912870896,-0.0009890336070193142,-0.00896118492667483,-0.006168500214300028,-0.027234875689494235,-0.0031177508176738478
2023-08-04,0.20189691806064694,0.019092813601192225,0.001546157990507175,0.0008470933926044582,-0.01125102262732861,0.003250164544342571
2023-08-05,0.19545938489418788,0.0019548868512231474,-0.008194552582314421,-0.00857863053798216,-0.0274352712807688,0.0
2023-08-06,0.21557719054242,0.0264255910987482,-0.0027816411682892,0.0,-0.019471488178025,0.0
2023-08-07,0.21277924384069016,0.0122844348937702,-0.006465672900574942,-0.002582124104728292,-0.0058373505005785585,0.0002783518575664168
2023-08-08,0.19647774804886198,0.008311740706958408,-0.0027913751710771165,-0.0025803801358304,-0.013313046102485493,-0.0029940663117704602
2023-08-09,0.15368358633617582,-0.0014184980591304204,-0.01089790073142734,-0.015235411354081652,-0.033710000983235934,0.0031293379316981174
2023-08-10,0.19975590765897022,-0.005129593964932126,-0.005765770226061759,-0.015333465165202884,-0.028179318678225457,0.006568264019571668
2023-08-11,0.24017310384199939,0.02108857368902783,0.011535150196820537,-0.003636765027421764,-0.017738882478969535,-0.005493065182484713
2023-08-12,0.2537313432835821,0.0298507462686567,0.0,0.0,-0.044776119402985,0.0
2023-08-13,0.2100214008473369,0.006108868526172166,-0.006613892772371399,-0.0030296877931501004,-0.014204722650758702,0.0
2023-08-14,0.17107823389221902,0.0008349485324263677,-0.004663865091650367,-0.012335934533333584,-0.02651074330835838,0.0005114845066156448
2023-08-15,0.2040029455743433,0.007971895082629367,0.0037544008752073994,-0.01570196637745463,-0.0355166611236202,-0.004821779122488934
2023-08-16,0.1608925496099077,0.006986012403394699,-0.00339199611347025,-0.00378860615745715,-0.008988846298586501,-0.0004454281323664766
2023-08-17,0.3116883116883117,-0.0129870129870129,0.0259740259740259,-0.0259740259740259,-0.0519480519480519,-0.004117583215667686
2023-08-18,0.0,0.0,0.0,0.0,0.0,-0.001671755053775037
2023-08-19,0.17957161165886276,-0.0121943482177979,-0.0231895643787988,-0.0172192825510424,-0.0314883195655208,0.0
2023-08-20,0.2251243781094527,0.0171641791044776,-0.0004975124378109,-0.0057213930348258,-0.0164179104477611,0.0
2023-08-21,0.0,0.0,0.0,0.0,0.0,0.0020532287705292696
2023-08-22,0.16038468250798588,-0.01165121549622145,-0.015228250081974372,-0.013283609960008276,-0.034742885328630575,0.002575877158661921
2023-08-23,0.17542063211356268,-0.0105277761343424,-0.01835253899467864,-0.014676081349566042,-0.03413814941086617,0.00034415214239746916
2023-08-24,0.1743421052631578,-0.0032894736842105,0.0098684210526315,-0.006578947368421,-0.0230263157894736,-0.0019316677922467385
2023-08-25,0.24329088640240276,0.02148832458110806,0.011353939121958239,-0.00954637342429864,-0.02027250965118784,0.0009104476629975267
2023-08-26,0.18476893404288555,-0.0033280537947860496,-0.013047165170335724,-0.019566235772114474,-0.0394439532386894,0.0
2023-08-27,0.20246071828252654,0.006840058388327112,-0.0061324855657608,-0.008995423068985414,-0.02759352331835746,0.0
2023-08-28,0.219396661182441,0.011179363794000613,-0.010671041054666711,-0.007246991981405098,-0.014632083315263123,0.005676157302526796
2023-08-29,0.19481899889101828,0.006175044713194938,-0.014694009873836551,-0.010246768353480738,-0.024783839388724527,0.0028791395140523868
2023-08-30,0.26521079270473935,0.0266642456876516,0.00915272797032282,-0.0014227242879381805,-0.00969552493362018,-0.0005322084239418601
2023-08-31,0.21683953413390253,0.018605870310216904,0.00221544472378583,-0.00537285236944703,-0.01870191180958637,-0.0028221035612174816
2023-09-01,0.22077636853400764,-0.001696075057241409,0.00046857044647792497,-0.006537944230203808,-0.018236150852688943,-0.0011846016401317883
2023-09-02,0.20789577759660882,0.00261657693050978,-0.010007460030614571,-0.007345466097482869,-0.027851820335138555,0.0
2023-09-03,0.1881228982108074,0.0019188697793684547,-0.012141317554240761,-0.00828127919717227,-0.023774714377463136,0.0
2023-09-04,0.18066934860901873,-0.004087478137900266,-0.0090455803598916,-0.005150463803274867,-0.020304780515179865,-0.0010285253414554774
2023-09-05,0.21761158703520142,0.014185653570482543,-0.0019153311185841216,-0.004138871368412457,-0.018353252847962305,-0.0014814648814391873
2023-09-06,0.22571515574923887,0.014305134102354799,-0.0014250767327859534,-0.003131157646244173,-0.004944336195296594,-0.0036448108882818353
2023-09-07,0.21158411120241455,0.00728885587647945,0.0007430384579730752,-0.009168087282645725,-0.0204873590055007,0.00012133852695805913
2023-09-08,0.25283064999041255,0.006734662248277149,-0.016370870573714884,-0.008422118367426783,-0.029396379672813302,0.00268755795178377
2023-09-09,0.20031055900621114,0.0060170807453416,-0.009413819875776351,-0.0001940993788820001,-0.0264945652173913,0.0
2023-09-10,0.23045865054721695,0.013715524335958938,0.004077513403207313,-0.002675595923907762,-0.018000909100638986,0.0
2023-09-11,0.20198249001441915,0.02136673356696772,-0.0028316400387499397,-0.0009870613608218598,-0.01517305116772244,0.0022434099280710385
2023-09-12,0.19801135844065174,0.01619999847100678,-0.0010622050627954996,-0.005691034574692216,-0.0170664821267992,-0.0015176785993107345
2023-09-13,0.17905304257389765,0.0102250381986694,-0.0007185768569427001,-0.007763486589840967,-0.014574318036321851,-0.001818735980481101
2023-09-14,0.20432766333552413,0.005178611893119776,0.012437366240833428,-0.006932200020463537,-0.017445497538212663,0.005146599423978326
2023-09-15,0.22029688673251313,0.0095159706578871,0.0107722520649223,-0.014541096286027799,-0.028547911973661348,0.004148557382324114
2023-09-16,0.2158125085406978,0.0095472585395226,0.0056154543719022666,-0.004271292960345727,-0.012487003606365479,0.0
2023-09-17,0.23084993516048358,0.007362899709191788,-0.0013749389778961122,-0.004697013145119388,-0.01652538493840499,0.0
2023-09-18,0.19011355039947345,-0.001031651720577167,-0.010304389049707366,-0.012209912136071468,-0.03885802552788938,-0.006085850976452978
2023-09-19,0.2753595800524934,0.039874015748031455,0.02537532808398955,-0.00462467191601045,-0.0145616797900262,0.00035678335414290885
2023-09-20,0.229067591611061,0.008213110839726895,-0.0005750859808962398,-0.012989433265325446,-0.028727682167665313,0.0028929428145110236
2023-09-21,0.21497605930405453,0.003959908109663497,-0.0009409128207451666,-0.010774018172117386,-0.025183831395110868,-0.006980669186440469
2023-09-22,0.24675381395380622,0.014191856955309683,0.010870809935888006,-0.0034484064417145185,-0.009483766866525183,-0.0017542302121777986
2023-09-23,0.2208433367555803,0.005642598798212267,0.0030475903589627005,-0.008189635343226434,-0.018679125071641368,0.0
2023-09-24,0.21840481433671458,-0.0020873963407033705,-0.008778514550815514,-0.013334793590564272,-0.028347583125194916,0.0
2023-09-25,0.22474893055305692,0.005267264446762344,0.0021017290313193374,-0.0016256234920913931,-0.02028486779610901,-0.0036992935298783003
2023-09-26,0.1891097638635639,-0.0021725678987778575,-0.00842432772724219,-0.005541568795182199,-0.0233435776631542,-0.003050303570802715
2023-09-27,0.20159001670010346,-0.0003040126303599048,-0.005185432420604339,-0.0022107109215976904,-0.0195978639315144,-0.0001369265453208257
2023-09-28,0.2428565665758885,0.009788425946710151,-0.004442059343241726,-0.005825267456704075,-0.018337972723250974,0.002721242793624512
2023-09-29,0.19192213212403145,-0.010193007264657761,-0.029089043211892034,-0.010106507544722589,-0.03126499145613766,0.0011470323031614882
2023-09-30,0.1737704918032787,-0.0393442622950819,-0.0229508196721311,-0.0229508196721311,-0.0557377049180327,0.0
2023-10-01,0.2581701369182162,0.015096105104885368,0.008754928192258966,-0.0025279871222653,-0.012128840628145501,0.0
2023-10-02,0.22379624734767825,-0.0044543697597297,0.0041112946238523,-0.002313544916375017,-0.018364965569162586,-0.004091251581108235
2023-10-03,0.2535462833428033,0.01773468416416867,0.009433699722312732,-0.007848799668269185,-0.020097479940899502,-0.00439141630510953
2023-10-04,0.23489287052019361,0.0063170950653771,-0.003658960400897225,-0.008046301679540274,-0.015119836580622777,-1.985142468052814e-05
2023-10-05,0.20735853577980676,0.006310231261360513,0.002429094944118608,-0.005188109126816412,-0.01831440146597787,9.433901326394434e-05
2023-10-06,0.20728040333207615,0.021888614219345924,0.009823631483724626,-0.003283606454371637,-0.005498095826880738,0.003824469325514279
2023-10-07,0.16845003578975543,-0.002785636666909642,-0.0216633392916456,-0.00365887666091185,-0.028775452705317735,0.0
2023-10-08,0.22695684523532195,0.025021045947556008,0.00429323470301612,-0.00079146105596711,-0.01736269737747993,0.0
2023-10-09,0.0,0.0,0.0,0.0,0.0,-0.002390213277299491
2023-10-10,0.208064807694073,0.014440789019545363,-0.0023146517130349883,-0.004918131074899382,-0.012748384946730057,0.008636692344663022
2023-10-11,0.2675055282285324,0.01898866667859993,0.012212759835179538,-0.0036112885836444434,-0.009899260424089928,-0.0018971778399681227
2023-10-12,0.2903265407468761,0.03918104121634935,0.038998187442946475,0.00257731958762885,-0.016261021913426627,-0.001627884042040062
2023-10-13,0.13035747707280548,-0.02755006550626985,-0.032678270634474996,-0.016077110237694148,-0.0510574583567284,-0.0062183593486055955
2023-10-14,0.23067245242888068,-0.0033471673247427005,-0.023505775443193273,-0.014632284730051749,-0.0245169202457626,0.0
2023-10-15,0.2064942025995962,0.003218954461375725,-0.017479923940192474,-0.0073569087488076996,-0.0153258620599309,0.0
2023-10-16,0.16581508586493354,-0.014063993792600767,-0.017668881473921566,-0.016680836010661466,-0.03968765472504047,0.001155592400534644
2023-10-17,0.23373947637049478,0.006219401191034825,-0.015355927818131974,-0.012415970406104475,-0.03402724157642853,0.0004642310961573415
2023-10-18,0.2205365307975986,-0.00274091544274957,-0.01223983173250699,-0.00789886652231522,-0.022069439427626753,-0.003953942217146622
2023-10-19,0.22492637678910007,0.005758286635484679,0.0020717991338079283,-0.0038240912764988286,-0.01333511289173292,-0.002790787707484199
2023-10-20,0.20836909675469126,0.00849036864758978,0.0049495181546146405,-0.00419307587788536,-0.009853088974976821,-0.006648460602070472
2023-10-21,0.21742851506540994,0.014016682495247082,0.017779748269117948,0.0011863931973120944,-0.012393925372914972,0.0
2023-10-22,0.21372833840965638,0.007997533931998367,0.0037799246273314486,-0.002423768770610342,-0.01138944840016741,0.0
2023-10-23,0.18306978373172222,-0.002449873040889567,-0.006088783819280266,-0.013638035198318866,-0.030112949829261836,0.002176769455846106
2023-10-24,0.23597850305952434,0.019150570971911616,3.006544127455296e-05,-0.00851054567679474,-0.015035955392098298,0.0027288413274404455
2023-10-25,0.22502413033832014,0.003961141522480808,0.001300467171303725,-0.001348566733850758,-0.010258768812894158,0.0013473459630168882
2023-10-26,0.23542715512692786,0.010153284957106176,0.010849201478539926,-0.002796027238122625,-0.014465036175490376,-0.0016429090814122915
2023-10-27,0.1917808219178082,0.0136986301369863,0.0,-0.0136986301369863,-0.0228310502283105,-0.005939920449243186
2023-10-28,0.1336898395721925,0.0053475935828877,0.0106951871657754,0.0,0.0,0.0
2023-10-29,0.24361380460848708,0.03696173495985815,0.01261599416119275,0.0026978417266187,-0.0017985611510791,0.0
2023-10-30,0.2877648821399168,0.020635994929011175,0.02592369399310057,0.002271433008904525,-0.0025325270595840995,0.001893358625336461
2023-10-31,0.2258395414517309,0.007612376257909424,0.009998234198873749,-0.01005986889390725,-0.017321302842405725,0.003837838614982214
2023-11-01,0.1818849206349206,0.03525793650793645,0.0174404761904762,0.01204365079365075,0.0026984126984127,0.002953077436422369
2023-11-02,0.23529378934553422,0.016504393796188187,0.005291792416533138,0.0005888250762966,-0.006525562492699425,0.0079491257157005
2023-11-03,0.2272143774069319,0.0116930307673195,-0.0132355377034245,-0.00864425027951465,-0.02323077560147415,-0.0008120560165205681
2023-11-04,0.21491410899245297,0.016782855411179732,-0.004998674460222967,-0.0078715227739202,-0.0142087497976401,0.0
2023-11-05,0.22087346718867795,0.002071221946225567,0.0013642400805677112,0.0019984917043740333,-0.004103331563474488,0.0
2023-11-06,0.2319678955177716,0.03862990788230131,0.02031609725860479,0.0007843879804121249,0.0010674671242472747,-0.002086042481092676
2023-11-07,0.2525087795256651,0.021452510383091965,0.004441878738314,-0.003118936514808933,-0.005327047353313766,-0.0017061639671935858
2023-11-08,0.20042384468143284,0.0146294777139732,0.0160103910308996,-0.007437790538692901,-0.00955701394585725,0.0029693741533001194
2023-11-09,0.2720240338617006,0.05079561030061811,0.006951659534333133,-0.0037518959092171164,-0.011906560361766716,0.004880861356329813
2023-11-10,0.2262029820377566,0.018674064787145183,0.001156485460248433,-0.0036707844941864,-0.01215846472483814,-0.0042096479314537305
2023-11-11,0.2076719576719576,0.0185185185185185,0.0026455026455026,-0.0052910052910052,-0.0119047619047619,0.0
2023-11-12,0.2329545454545454,0.0056818181818181,-0.0056818181818181,0.0056818181818181,-0.0227272727272727,0.0
2023-11-13,0.20036880346557093,0.024495673349977556,0.00885854433553446,-0.0054222586641805605,-0.005107396787071989,0.0025826475143686523
2023-11-14,0.1736648271299813,-0.0011294022637352993,0.000586418910558433,-0.014046833718964834,-0.02807504108879293,0.0060017703056414184
2023-11-15,0.17490824952177156,-0.01177698256297621,-0.019873739802963076,-0.01924616811001609,-0.037543397601136425,0.0014438806807373084
2023-11-16,0.2905685050665251,0.020608426333942047,0.009787150208095126,0.0034873569919018,0.011344782606849024,-0.002489538950535053
2023-11-17,0.23770645763093248,0.0003052206611443486,-0.003928805293846664,-0.0039884086548036875,-0.014692221331361563,0.003950885367778767
2023-11-18,0.1579272054287477,-0.0098704503392967,-0.0228254164096236,-0.013571869216533,-0.0370141887723627,0.0
2023-11-19,0.1105121293800539,-0.0269541778975741,-0.0107816711590296,0.0,-0.0215633423180593,0.0
2023-11-20,0.22988573157105194,0.020007778401970502,-0.002673054010506999,0.0007593201923611001,-0.009303215690148001,0.0007809663299047642
2023-11-21,0.24009761388286333,-0.0012310195227766031,-0.0024078091106291,0.00325379609544465,-0.02141540130151845,-0.0010488067855374261
2023-11-22,0.1924155463673934,0.01115906559084473,-0.00839058581932273,-0.0064291651742294995,-0.023124382931305386,0.0018750159014992995
2023-11-23,0.20966806268149027,0.015520227036152958,0.00483282451650289,-0.0011955793554924799,-0.01135165564070862,0.0010275986391317105
2023-11-24,0.22762744951523414,0.01068131082923915,-0.005704638433804699,-0.00177875903681975,-0.00761474659543065,0.0008864072112917398
2023-11-25,0.2826086956521739,0.0375494071146245,0.025691699604743,0.0059288537549407,0.0019762845849802,0.0
2023-11-26,0.20157094666765232,0.012438808819365899,-0.012277193898725364,-0.008825907600851833,-0.0165075026729729,0.0
2023-11-27,0.18029114732411433,0.0023648512659501662,-0.006871531596806334,-0.0020256943333866336,-0.0093288554827016,-0.0016293685410331271
2023-11-28,0.18449953723978585,0.004152518428494984,-0.006420686089653901,-0.008590174600453767,-0.030160669999811332,-0.000919136504759166
2023-11-29,0.18855550655645947,0.0007233586023562832,-0.0110490438075808,-0.010509694211797316,-0.030156539282362532,0.001047627888584035
2023-11-30,0.1935091277890466,0.018079783637592953,-0.00275862068965515,-0.016085192697768702,-0.0432048681541582,0.002569707483739414
2023-12-01,0.2101111518403783,0.012975116074065624,-0.0133968900582656,-0.007832535480311075,-0.01569091812498625,0.002096663889569861
2023-12-02,0.1931426480284102,0.01895746431265553,-0.0083263002457529,0.0010250829922961334,-0.004663206633861934,0.0
2023-12-03,0.20567974463958083,0.009196074608435667,0.0035299945175164675,-0.005434782608695634,-0.0165356453083105,0.0
2023-12-04,0.2158380630457494,0.010401037997655687,-0.004743782382124664,-0.005429063617673225,-0.02516006775197586,-0.0008023931401202056
2023-12-05,0.1325301204819277,-0.0281124497991967,-0.0321285140562249,-0.0120481927710843,-0.0401606425702811,0.003210131896816737
2023-12-06,0.24972579145184606,0.017299408500252533,0.017206951289002598,-0.0031748745311664,-0.0077273002491574,0.00287128586234342
2023-12-07,0.22589182038223402,0.014488834286569807,-0.005106770606346357,-0.004293413958773338,-0.014789757255949044,-0.00043651259766042116
2023-12-08,0.21833858012707663,0.014964685199329366,0.00232239901277945,-0.00424225554315685,-0.01557993336707037,0.005693641683191419
2023-12-09,0.0,0.0,0.0,0.0,0.0,0.0
2023-12-10,0.0,0.0,0.0,0.0,0.0,0.0
2023-12-11,0.27957433819856814,0.048262944669515445,0.0272379155336034,0.009187524279926699,0.01329430046062485,0.0014389998849249075
2023-12-12,0.27035540318309603,-0.005337786414403399,-0.00035096515730223456,-0.014280593576283484,-0.02112060708196968,-0.0004591776521456481
2023-12-13,0.2155263617828878,0.009730031438528075,0.0034185133282866992,-0.0050928966874579,-0.0154986583151988,-0.0007104153613002318
2023-12-14,0.1799163179916318,0.0,0.00418410041841,0.0,-0.0209205020920502,0.002566026092511997
2023-12-15,0.19327996629450175,0.0028439014114177495,-0.0047661681061723,-0.00495049504950495,-0.0405255951127027,0.0012056175275385606
2023-12-16,0.0,0.0,0.0,0.0,0.0,0.0
2023-12-17,0.18291618159356862,0.004276721396364232,-0.014532928646222234,-0.0034305711284971,-0.018546189929449435,0.0
2023-12-18,0.25652650682887235,0.033494071096146674,0.017769718082979974,0.00023092013491324997,0.0013915921579927505,-0.0016065259254025577
2023-12-19,0.25715150164454076,0.035994082566978156,0.0037387720663802247,-0.0011279457302753254,-0.00905785901856785,0.00033324815586111
2023-12-20,0.23389497663013809,0.0074851206312271075,-0.0006472765070726487,-0.010845943593811374,-0.023789402845240743,0.0005019798485621507
2023-12-21,0.16333969096800435,0.005015420426733488,-0.008143645518882177,-0.014373819139909108,-0.034008768392920406,-0.0006895072639614419
2023-12-22,0.20317198389891356,-0.0027600607334317,-0.0066881794248649,-0.019696934730221,-0.028822952530616,-0.00014801814893150578
2023-12-23,0.21505719038199705,0.006723190791974275,0.0027433228409918745,-0.004735359347839075,-0.006445962475724199,0.0
2023-12-24,0.19696693353265518,0.010300636263739301,-0.0013431124880874251,-0.007728485741015376,-0.021591995968806975,0.0
2023-12-25,0.211861990305104,0.02159015302727875,-0.0056268415549853,-0.01374394069004845,-0.024222982606216102,0.0
2023-12-26,0.21164371408940932,-0.0014116967541733829,-0.010770073228452784,-0.004250631070038101,-0.025423817325672417,0.0
2023-12-27,0.18548721840643467,0.01464249570536985,-0.010963651978411084,-0.005120984412435766,-0.0294201667449883,0.00017210415055801676
2023-12-28,0.1729523042603538,-0.0006373070227559336,-0.007721565500203233,-0.0130897467971771,-0.024693138818525768,-0.002107783659430318
2023-12-29,0.0,0.0,0.0,0.0,0.0,0.0004619939174368426
2023-12-30,0.2199929587843259,0.0071108090848057,-0.01433624261081725,-0.0028901734104046,-0.02430856899572605,0.0
2023-12-31,0.22714012156910887,-0.014972256169638766,-0.0224631006490691,-0.0191412919581329,-0.027583269876855002,0.0
